Customer_ID,Country,Region,State,City,Postal_Code
1,United States,EAST,New York,Hartford,81510
2,United States,SOUTH,Texas,Houston,95047
3,United States,SOUTH,Alabama,New Orleans,94513
4,United States,NORTH,Illinois,Minneapolis,99864
5,United States,NORTH,Ohio,Milwaukee,68939
6,United States,SOUTH,Florida,Dallas,90295
7,United States,EAST,Massachusetts,Philadelphia,93453
8,United States,SOUTH,Alabama,Dallas,30072
9,United States,EAST,Pennsylvania,Hartford,57203
10,United States,NORTH,Wisconsin,Detroit,47599
11,United States,SOUTH,Florida,Dallas,43713
12,United States,SOUTH,Florida,Atlanta,12744
13,United States,SOUTH,Alabama,Atlanta,28872
14,United States,EAST,New York,Newark,63788
15,United States,EAST,Connecticut,Boston,62721
16,United States,EAST,New Jersey,Philadelphia,37276
17,United States,SOUTH,Alabama,Dallas,64752
18,United States,WEST,Nevada,Las Vegas,68181
19,United States,SOUTH,Alabama,Dallas,57652
20,United States,EAST,Massachusetts,Philadelphia,97211
21,United States,WEST,Nevada,San Francisco,79459
22,United States,SOUTH,Florida,Miami,38437
23,United States,WEST,Oregon,Phoenix,35506
24,United States,EAST,Connecticut,Philadelphia,70735
25,United States,WEST,Arizona,Las Vegas,59127
26,United States,EAST,Massachusetts,Boston,61488
27,United States,EAST,New Jersey,Newark,24240
28,United States,WEST,Arizona,Las Vegas,49363
29,United States,EAST,Connecticut,Newark,16669
30,United States,SOUTH,Florida,Miami,54260
31,United States,SOUTH,Louisiana,Miami,96461
32,United States,EAST,Pennsylvania,Hartford,66594
33,United States,WEST,Oregon,Las Vegas,13124
34,United States,SOUTH,Florida,Dallas,84369
35,United States,NORTH,Wisconsin,Minneapolis,99211
36,United States,SOUTH,Louisiana,Miami,94048
37,United States,NORTH,Illinois,Cleveland,35927
38,United States,NORTH,Wisconsin,Milwaukee,51483
39,United States,WEST,Nevada,San Francisco,27112
40,United States,NORTH,Illinois,Minneapolis,90000
41,United States,SOUTH,Louisiana,New Orleans,92324
42,United States,WEST,California,Los Angeles,18566
43,United States,WEST,California,Los Angeles,11136
44,United States,NORTH,Minnesota,Minneapolis,21789
45,United States,NORTH,Michigan,Minneapolis,36608
46,United States,EAST,New Jersey,Boston,50312
47,United States,SOUTH,Texas,Atlanta,91688
48,United States,WEST,Washington,Phoenix,68538
49,United States,NORTH,Illinois,Minneapolis,32966
50,United States,WEST,Washington,Seattle,23303
51,United States,SOUTH,Louisiana,Miami,29925
52,United States,SOUTH,Florida,Dallas,25524
53,United States,NORTH,Ohio,Cleveland,63697
54,United States,NORTH,Wisconsin,Cleveland,82393
55,United States,NORTH,Illinois,Minneapolis,42688
56,United States,SOUTH,Texas,Miami,68314
57,United States,NORTH,Minnesota,Chicago,27773
58,United States,WEST,Nevada,Las Vegas,59724
59,United States,SOUTH,Alabama,Miami,12615
60,United States,WEST,Arizona,Seattle,67794
61,United States,EAST,Connecticut,Hartford,33833
62,United States,SOUTH,Alabama,Houston,74456
63,United States,SOUTH,Louisiana,Atlanta,54535
64,United States,EAST,New York,Philadelphia,19029
65,United States,WEST,Oregon,San Francisco,91793
66,United States,SOUTH,Georgia,Dallas,29593
67,United States,EAST,New York,Boston,93128
68,United States,SOUTH,Georgia,Atlanta,20888
69,United States,SOUTH,Georgia,New Orleans,74847
70,United States,SOUTH,Texas,New Orleans,87374
71,United States,WEST,Nevada,San Francisco,57869
72,United States,SOUTH,Georgia,Miami,77295
73,United States,NORTH,Michigan,Cleveland,13072
74,United States,WEST,Nevada,Seattle,31873
75,United States,NORTH,Minnesota,Detroit,50191
76,United States,NORTH,Michigan,Milwaukee,66747
77,United States,EAST,Massachusetts,New York City,45761
78,United States,EAST,Pennsylvania,New York City,53636
79,United States,NORTH,Ohio,Chicago,27124
80,United States,SOUTH,Louisiana,Houston,85189
81,United States,WEST,California,Seattle,59895
82,United States,WEST,Oregon,Las Vegas,59809
83,United States,EAST,Pennsylvania,New York City,98067
84,United States,SOUTH,Georgia,Dallas,53992
85,United States,WEST,Washington,Phoenix,65641
86,United States,NORTH,Illinois,Minneapolis,27346
87,United States,NORTH,Michigan,Minneapolis,82401
88,United States,EAST,New Jersey,Newark,46915
89,United States,WEST,Washington,Los Angeles,68965
90,United States,EAST,New York,Philadelphia,76688
91,United States,WEST,California,Los Angeles,26846
92,United States,EAST,New York,Boston,19753
93,United States,WEST,Oregon,Seattle,18514
94,United States,NORTH,Wisconsin,Cleveland,41056
95,United States,WEST,California,Los Angeles,11264
96,United States,SOUTH,Texas,Atlanta,90931
97,United States,EAST,New York,Boston,86382
98,United States,WEST,Nevada,Seattle,97154
99,United States,SOUTH,Texas,New Orleans,25987
100,United States,EAST,New York,Boston,36151
101,United States,NORTH,Minnesota,Detroit,22019
102,United States,SOUTH,Texas,Houston,66750
103,United States,EAST,New Jersey,Boston,16553
104,United States,EAST,New York,Newark,51996
105,United States,SOUTH,Louisiana,Miami,72396
106,United States,EAST,New Jersey,Newark,89358
107,United States,EAST,New Jersey,Newark,47757
108,United States,SOUTH,Louisiana,Houston,68001
109,United States,NORTH,Wisconsin,Cleveland,10827
110,United States,WEST,California,San Francisco,35915
111,United States,NORTH,Michigan,Detroit,81040
112,United States,NORTH,Ohio,Detroit,26254
113,United States,SOUTH,Texas,Miami,34516
114,United States,SOUTH,Georgia,Miami,31289
115,United States,EAST,Pennsylvania,Hartford,48891
116,United States,SOUTH,Louisiana,Dallas,76408
117,United States,EAST,Massachusetts,Boston,65905
118,United States,EAST,Massachusetts,Philadelphia,41558
119,United States,NORTH,Ohio,Chicago,95831
120,United States,WEST,Washington,Seattle,31137
121,United States,WEST,California,Los Angeles,18229
122,United States,WEST,Nevada,Seattle,17917
123,United States,SOUTH,Louisiana,Dallas,20479
124,United States,NORTH,Illinois,Chicago,98408
125,United States,EAST,New York,Philadelphia,87088
126,United States,NORTH,Michigan,Cleveland,98892
127,United States,WEST,California,Phoenix,44398
128,United States,NORTH,Michigan,Milwaukee,56938
129,United States,EAST,Pennsylvania,Philadelphia,75496
130,United States,NORTH,Michigan,Milwaukee,51087
131,United States,NORTH,Ohio,Detroit,39899
132,United States,EAST,Connecticut,Boston,15596
133,United States,NORTH,Michigan,Milwaukee,70941
134,United States,NORTH,Illinois,Minneapolis,62853
135,United States,NORTH,Illinois,Milwaukee,69267
136,United States,NORTH,Wisconsin,Detroit,60536
137,United States,SOUTH,Alabama,Houston,28275
138,United States,WEST,Washington,Las Vegas,92862
139,United States,NORTH,Wisconsin,Milwaukee,57934
140,United States,WEST,California,Las Vegas,96739
141,United States,WEST,Oregon,San Francisco,87717
142,United States,EAST,New Jersey,Boston,22431
143,United States,EAST,New York,Newark,71903
144,United States,NORTH,Wisconsin,Minneapolis,54212
145,United States,SOUTH,Florida,Houston,75185
146,United States,SOUTH,Alabama,Miami,49783
147,United States,NORTH,Ohio,Minneapolis,39850
148,United States,EAST,New Jersey,Newark,89537
149,United States,EAST,Pennsylvania,Newark,67030
150,United States,WEST,Oregon,Las Vegas,97266
151,United States,WEST,California,Seattle,23895
152,United States,NORTH,Minnesota,Minneapolis,72482
153,United States,EAST,Connecticut,Philadelphia,28543
154,United States,SOUTH,Florida,New Orleans,74779
155,United States,WEST,Oregon,Las Vegas,74291
156,United States,SOUTH,Texas,Atlanta,92773
157,United States,EAST,New Jersey,Philadelphia,92635
158,United States,SOUTH,Georgia,New Orleans,66229
159,United States,NORTH,Ohio,Chicago,88527
160,United States,WEST,Oregon,Phoenix,46948
161,United States,SOUTH,Georgia,Atlanta,26794
162,United States,NORTH,Michigan,Cleveland,72065
163,United States,EAST,New York,New York City,68599
164,United States,SOUTH,Georgia,Dallas,42258
165,United States,WEST,Oregon,Seattle,40597
166,United States,WEST,Washington,Las Vegas,46769
167,United States,NORTH,Ohio,Minneapolis,85657
168,United States,NORTH,Michigan,Detroit,26663
169,United States,SOUTH,Georgia,New Orleans,40005
170,United States,SOUTH,Louisiana,New Orleans,41066
171,United States,WEST,Oregon,Las Vegas,83832
172,United States,SOUTH,Alabama,Houston,51085
173,United States,SOUTH,Louisiana,Houston,60350
174,United States,EAST,New Jersey,Hartford,52159
175,United States,WEST,California,Phoenix,74348
176,United States,NORTH,Illinois,Cleveland,44866
177,United States,EAST,New York,Newark,61062
178,United States,WEST,Oregon,Seattle,28754
179,United States,WEST,Washington,Los Angeles,72094
180,United States,EAST,New Jersey,Boston,92977
181,United States,WEST,California,Seattle,56683
182,United States,SOUTH,Louisiana,Dallas,83646
183,United States,WEST,Oregon,Seattle,51947
184,United States,NORTH,Illinois,Minneapolis,89268
185,United States,WEST,Arizona,San Francisco,94651
186,United States,WEST,Oregon,Phoenix,89309
187,United States,WEST,California,Seattle,17938
188,United States,SOUTH,Florida,New Orleans,76077
189,United States,EAST,Massachusetts,Boston,59284
190,United States,SOUTH,Alabama,Houston,49082
191,United States,NORTH,Michigan,Detroit,28882
192,United States,NORTH,Michigan,Chicago,13777
193,United States,EAST,Pennsylvania,New York City,58317
194,United States,WEST,Nevada,San Francisco,68547
195,United States,WEST,Nevada,Phoenix,30575
196,United States,EAST,Connecticut,Newark,51168
197,United States,SOUTH,Texas,Atlanta,69761
198,United States,NORTH,Michigan,Detroit,89500
199,United States,SOUTH,Alabama,Atlanta,31351
200,United States,EAST,Connecticut,Boston,52310
201,United States,NORTH,Minnesota,Chicago,16871
202,United States,NORTH,Michigan,Cleveland,72534
203,United States,NORTH,Michigan,Detroit,51322
204,United States,EAST,Pennsylvania,Hartford,13337
205,United States,SOUTH,Alabama,Atlanta,61843
206,United States,SOUTH,Florida,Atlanta,90357
207,United States,SOUTH,Texas,Atlanta,52469
208,United States,WEST,Arizona,Phoenix,15161
209,United States,WEST,Arizona,Los Angeles,27284
210,United States,NORTH,Illinois,Chicago,18899
211,United States,WEST,Oregon,San Francisco,23402
212,United States,EAST,Connecticut,Boston,40803
213,United States,WEST,California,Seattle,56803
214,United States,WEST,Washington,Los Angeles,64085
215,United States,WEST,Washington,Los Angeles,74547
216,United States,NORTH,Illinois,Cleveland,18146
217,United States,WEST,Arizona,Las Vegas,94124
218,United States,EAST,Pennsylvania,Boston,81840
219,United States,SOUTH,Texas,Miami,68785
220,United States,SOUTH,Florida,Houston,44177
221,United States,SOUTH,Florida,Miami,17407
222,United States,SOUTH,Louisiana,Houston,16879
223,United States,EAST,New Jersey,Newark,15556
224,United States,SOUTH,Texas,Miami,40495
225,United States,SOUTH,Florida,Miami,75612
226,United States,WEST,Washington,Seattle,60793
227,United States,NORTH,Illinois,Chicago,76879
228,United States,SOUTH,Georgia,Dallas,13081
229,United States,EAST,Pennsylvania,Hartford,18907
230,United States,SOUTH,Texas,Miami,87289
231,United States,EAST,New York,Boston,40081
232,United States,NORTH,Ohio,Milwaukee,10937
233,United States,SOUTH,Georgia,Houston,86229
234,United States,SOUTH,Georgia,New Orleans,31519
235,United States,SOUTH,Alabama,Miami,29956
236,United States,WEST,Arizona,Los Angeles,92271
237,United States,SOUTH,Louisiana,Atlanta,44818
238,United States,NORTH,Ohio,Minneapolis,76962
239,United States,NORTH,Illinois,Detroit,36422
240,United States,WEST,Arizona,Seattle,53841
241,United States,NORTH,Wisconsin,Minneapolis,44123
242,United States,EAST,Pennsylvania,New York City,95257
243,United States,WEST,Washington,Las Vegas,13777
244,United States,WEST,Nevada,Phoenix,95381
245,United States,SOUTH,Louisiana,Dallas,36816
246,United States,SOUTH,Florida,Houston,15460
247,United States,EAST,Pennsylvania,New York City,36946
248,United States,EAST,New Jersey,Hartford,49139
249,United States,WEST,Oregon,Phoenix,49763
250,United States,SOUTH,Georgia,Dallas,17126
251,United States,WEST,Oregon,Phoenix,43073
252,United States,EAST,New Jersey,Hartford,13121
253,United States,WEST,Washington,Los Angeles,38367
254,United States,WEST,Oregon,Seattle,37047
255,United States,EAST,Pennsylvania,Newark,52907
256,United States,SOUTH,Alabama,Dallas,88880
257,United States,WEST,Oregon,Las Vegas,72937
258,United States,EAST,Connecticut,Hartford,47400
259,United States,SOUTH,Florida,Houston,90788
260,United States,WEST,California,Los Angeles,14089
261,United States,EAST,Connecticut,New York City,11469
262,United States,NORTH,Michigan,Chicago,49773
263,United States,SOUTH,Alabama,Dallas,84463
264,United States,EAST,New Jersey,New York City,17017
265,United States,WEST,Washington,San Francisco,94642
266,United States,SOUTH,Florida,Dallas,58866
267,United States,EAST,New York,Philadelphia,64720
268,United States,EAST,New York,Philadelphia,14586
269,United States,WEST,California,Seattle,28591
270,United States,NORTH,Michigan,Milwaukee,36825
271,United States,EAST,New York,New York City,72456
272,United States,SOUTH,Florida,Houston,24756
273,United States,WEST,California,San Francisco,69669
274,United States,SOUTH,Louisiana,New Orleans,45800
275,United States,NORTH,Michigan,Chicago,83823
276,United States,EAST,Pennsylvania,New York City,30092
277,United States,SOUTH,Florida,Houston,62106
278,United States,SOUTH,Alabama,Houston,14870
279,United States,SOUTH,Alabama,Dallas,71040
280,United States,SOUTH,Alabama,Miami,11739
281,United States,WEST,Arizona,Los Angeles,96063
282,United States,WEST,California,Seattle,46905
283,United States,SOUTH,Alabama,Miami,45033
284,United States,EAST,New York,Philadelphia,34650
285,United States,EAST,New Jersey,Newark,10255
286,United States,SOUTH,Texas,New Orleans,67061
287,United States,NORTH,Ohio,Milwaukee,40345
288,United States,EAST,New York,Philadelphia,57714
289,United States,SOUTH,Texas,New Orleans,58142
290,United States,NORTH,Illinois,Milwaukee,81380
291,United States,EAST,New Jersey,Philadelphia,96324
292,United States,EAST,Massachusetts,Hartford,80879
293,United States,EAST,New Jersey,Philadelphia,93796
294,United States,EAST,Massachusetts,Newark,32801
295,United States,SOUTH,Louisiana,Dallas,58773
296,United States,EAST,Pennsylvania,Philadelphia,48331
297,United States,NORTH,Wisconsin,Milwaukee,98566
298,United States,SOUTH,Louisiana,Dallas,57229
299,United States,WEST,Nevada,Los Angeles,88925
300,United States,EAST,Massachusetts,Boston,53621
301,United States,SOUTH,Georgia,Dallas,69083
302,United States,NORTH,Ohio,Detroit,15604
303,United States,SOUTH,Georgia,New Orleans,91928
304,United States,WEST,Oregon,Phoenix,54780
305,United States,SOUTH,Louisiana,Miami,85195
306,United States,SOUTH,Florida,Miami,61950
307,United States,SOUTH,Texas,Dallas,24664
308,United States,NORTH,Ohio,Cleveland,15502
309,United States,NORTH,Ohio,Chicago,85427
310,United States,NORTH,Minnesota,Minneapolis,82148
311,United States,WEST,Oregon,San Francisco,99654
312,United States,WEST,Washington,Las Vegas,25325
313,United States,SOUTH,Georgia,Atlanta,81886
314,United States,EAST,Pennsylvania,Hartford,96100
315,United States,NORTH,Illinois,Detroit,85631
316,United States,SOUTH,Georgia,Dallas,23949
317,United States,EAST,New Jersey,Newark,30408
318,United States,SOUTH,Florida,Houston,76127
319,United States,SOUTH,Texas,Dallas,28920
320,United States,EAST,New York,Philadelphia,41697
321,United States,SOUTH,Alabama,Atlanta,37426
322,United States,WEST,Arizona,Los Angeles,35035
323,United States,EAST,New York,New York City,14076
324,United States,EAST,Massachusetts,New York City,37143
325,United States,EAST,New Jersey,New York City,18784
326,United States,WEST,Washington,Las Vegas,25591
327,United States,SOUTH,Alabama,Atlanta,96715
328,United States,WEST,Nevada,Los Angeles,88323
329,United States,NORTH,Michigan,Minneapolis,60822
330,United States,SOUTH,Georgia,Miami,49817
331,United States,EAST,Pennsylvania,Hartford,87291
332,United States,EAST,Pennsylvania,Hartford,87769
333,United States,WEST,California,Las Vegas,14131
334,United States,EAST,Pennsylvania,Philadelphia,56071
335,United States,WEST,California,Seattle,72075
336,United States,WEST,Nevada,Phoenix,22845
337,United States,EAST,Pennsylvania,Hartford,91295
338,United States,WEST,Washington,Las Vegas,13581
339,United States,SOUTH,Alabama,Houston,73890
340,United States,SOUTH,Texas,Dallas,43050
341,United States,EAST,Connecticut,New York City,20874
342,United States,NORTH,Wisconsin,Chicago,69596
343,United States,NORTH,Illinois,Minneapolis,41637
344,United States,WEST,Arizona,Las Vegas,14501
345,United States,WEST,Washington,Seattle,82433
346,United States,EAST,Pennsylvania,Boston,90441
347,United States,EAST,Pennsylvania,New York City,11349
348,United States,EAST,New Jersey,Hartford,98505
349,United States,WEST,California,Phoenix,68252
350,United States,SOUTH,Texas,New Orleans,33754
351,United States,SOUTH,Alabama,Atlanta,84062
352,United States,EAST,Pennsylvania,Hartford,95682
353,United States,WEST,California,Seattle,86763
354,United States,NORTH,Minnesota,Cleveland,74369
355,United States,WEST,Oregon,Las Vegas,48455
356,United States,NORTH,Wisconsin,Chicago,48048
357,United States,SOUTH,Louisiana,Atlanta,65932
358,United States,EAST,New York,Boston,20069
359,United States,EAST,New Jersey,Newark,73733
360,United States,WEST,Oregon,Los Angeles,60764
361,United States,WEST,Oregon,Las Vegas,15750
362,United States,NORTH,Michigan,Detroit,39284
363,United States,WEST,Washington,Phoenix,74664
364,United States,NORTH,Wisconsin,Milwaukee,25216
365,United States,NORTH,Minnesota,Detroit,28245
366,United States,WEST,Oregon,Phoenix,83763
367,United States,EAST,New York,Newark,75030
368,United States,WEST,Washington,Las Vegas,12691
369,United States,NORTH,Ohio,Minneapolis,93208
370,United States,EAST,Connecticut,New York City,64869
371,United States,EAST,Pennsylvania,New York City,46556
372,United States,SOUTH,Alabama,New Orleans,65345
373,United States,WEST,California,Los Angeles,21435
374,United States,EAST,Massachusetts,Philadelphia,72210
375,United States,EAST,Pennsylvania,Hartford,41880
376,United States,EAST,New Jersey,New York City,13160
377,United States,WEST,Oregon,Los Angeles,84766
378,United States,NORTH,Wisconsin,Detroit,68471
379,United States,WEST,Arizona,Seattle,83055
380,United States,NORTH,Michigan,Milwaukee,18758
381,United States,WEST,Oregon,Phoenix,64166
382,United States,EAST,New York,Hartford,15210
383,United States,EAST,New Jersey,Boston,29318
384,United States,WEST,Washington,San Francisco,61211
385,United States,EAST,New York,Philadelphia,17863
386,United States,SOUTH,Louisiana,Houston,24778
387,United States,SOUTH,Louisiana,Atlanta,86752
388,United States,EAST,Connecticut,New York City,49759
389,United States,SOUTH,Florida,Atlanta,41939
390,United States,EAST,Pennsylvania,Boston,34728
391,United States,SOUTH,Alabama,Dallas,72748
392,United States,EAST,New Jersey,New York City,32599
393,United States,WEST,Nevada,Phoenix,93020
394,United States,NORTH,Ohio,Chicago,29151
395,United States,EAST,New Jersey,Hartford,29058
396,United States,WEST,California,Las Vegas,77290
397,United States,EAST,New York,Hartford,31591
398,United States,EAST,New Jersey,Newark,92001
399,United States,SOUTH,Georgia,Miami,44402
400,United States,SOUTH,Alabama,Houston,66606
401,United States,SOUTH,Texas,Atlanta,61724
402,United States,WEST,California,San Francisco,98035
403,United States,NORTH,Michigan,Milwaukee,68959
404,United States,NORTH,Ohio,Detroit,26688
405,United States,EAST,Pennsylvania,Hartford,76787
406,United States,SOUTH,Alabama,Miami,41632
407,United States,WEST,Arizona,Phoenix,47699
408,United States,EAST,Pennsylvania,New York City,66720
409,United States,EAST,Connecticut,New York City,64698
410,United States,WEST,California,Phoenix,21120
411,United States,EAST,New Jersey,New York City,58433
412,United States,EAST,Massachusetts,Newark,46809
413,United States,WEST,Nevada,Seattle,49779
414,United States,SOUTH,Louisiana,New Orleans,52872
415,United States,NORTH,Michigan,Milwaukee,77035
416,United States,NORTH,Illinois,Milwaukee,87274
417,United States,WEST,Arizona,Phoenix,88556
418,United States,SOUTH,Louisiana,Miami,71515
419,United States,WEST,Washington,Los Angeles,74182
420,United States,WEST,Washington,Phoenix,77763
421,United States,SOUTH,Louisiana,Houston,42976
422,United States,EAST,Massachusetts,Philadelphia,47872
423,United States,NORTH,Ohio,Cleveland,39863
424,United States,SOUTH,Georgia,Atlanta,41380
425,United States,NORTH,Ohio,Detroit,55680
426,United States,NORTH,Michigan,Detroit,53908
427,United States,NORTH,Ohio,Milwaukee,46506
428,United States,SOUTH,Georgia,New Orleans,65554
429,United States,SOUTH,Florida,New Orleans,28255
430,United States,WEST,Washington,San Francisco,99912
431,United States,SOUTH,Georgia,New Orleans,82470
432,United States,WEST,Washington,San Francisco,70645
433,United States,EAST,Connecticut,Hartford,32729
434,United States,WEST,California,Seattle,93701
435,United States,WEST,Oregon,San Francisco,88398
436,United States,SOUTH,Georgia,Miami,94866
437,United States,SOUTH,Alabama,Atlanta,42195
438,United States,NORTH,Illinois,Milwaukee,45486
439,United States,NORTH,Ohio,Milwaukee,80439
440,United States,NORTH,Michigan,Detroit,43387
441,United States,SOUTH,Louisiana,Houston,43100
442,United States,NORTH,Minnesota,Milwaukee,82179
443,United States,WEST,Nevada,Los Angeles,18722
444,United States,WEST,Oregon,Seattle,74887
445,United States,SOUTH,Alabama,New Orleans,86491
446,United States,EAST,Massachusetts,Hartford,84377
447,United States,WEST,Nevada,San Francisco,44825
448,United States,EAST,New York,Newark,92327
449,United States,NORTH,Illinois,Cleveland,24166
450,United States,SOUTH,Alabama,Dallas,60709
451,United States,NORTH,Michigan,Chicago,28314
452,United States,WEST,Oregon,Los Angeles,57360
453,United States,WEST,California,Los Angeles,19211
454,United States,NORTH,Michigan,Chicago,81891
455,United States,WEST,Arizona,Seattle,26701
456,United States,EAST,New York,Newark,36855
457,United States,EAST,New York,Hartford,17848
458,United States,NORTH,Minnesota,Chicago,54250
459,United States,NORTH,Ohio,Minneapolis,47249
460,United States,EAST,Pennsylvania,Boston,40210
461,United States,NORTH,Wisconsin,Cleveland,89123
462,United States,EAST,Connecticut,Philadelphia,82432
463,United States,EAST,Massachusetts,Boston,29884
464,United States,EAST,New York,Hartford,86561
465,United States,EAST,Massachusetts,Boston,32523
466,United States,SOUTH,Alabama,Miami,81003
467,United States,SOUTH,Louisiana,Houston,31023
468,United States,EAST,New York,Hartford,90495
469,United States,WEST,Washington,Las Vegas,26326
470,United States,EAST,New York,Boston,63267
471,United States,EAST,New Jersey,Boston,70228
472,United States,SOUTH,Louisiana,Miami,32746
473,United States,EAST,New Jersey,Philadelphia,24075
474,United States,NORTH,Minnesota,Detroit,97970
475,United States,SOUTH,Georgia,Dallas,85974
476,United States,SOUTH,Louisiana,Dallas,68479
477,United States,EAST,New Jersey,Boston,23155
478,United States,NORTH,Minnesota,Milwaukee,68213
479,United States,SOUTH,Alabama,Miami,60393
480,United States,NORTH,Ohio,Milwaukee,13018
481,United States,EAST,Connecticut,Philadelphia,36886
482,United States,WEST,Nevada,Las Vegas,78673
483,United States,WEST,Washington,Seattle,12715
484,United States,WEST,Nevada,Phoenix,90692
485,United States,SOUTH,Alabama,Dallas,89502
486,United States,WEST,Oregon,Seattle,28941
487,United States,WEST,California,Phoenix,99558
488,United States,NORTH,Illinois,Detroit,62953
489,United States,SOUTH,Florida,Miami,51184
490,United States,EAST,Massachusetts,Newark,45932
491,United States,NORTH,Wisconsin,Minneapolis,40263
492,United States,SOUTH,Alabama,New Orleans,71566
493,United States,EAST,New York,Hartford,41991
494,United States,WEST,California,Las Vegas,12867
495,United States,SOUTH,Alabama,New Orleans,55243
496,United States,EAST,Massachusetts,Newark,12686
497,United States,NORTH,Illinois,Milwaukee,68369
498,United States,WEST,Nevada,Los Angeles,67325
499,United States,WEST,Washington,Seattle,39957
500,United States,EAST,Massachusetts,Philadelphia,44060
501,United States,SOUTH,Alabama,Miami,32091
502,United States,SOUTH,Florida,New Orleans,94542
503,United States,EAST,Connecticut,Hartford,79590
504,United States,SOUTH,Florida,Houston,59996
505,United States,EAST,Massachusetts,New York City,39960
506,United States,SOUTH,Texas,Miami,22108
507,United States,EAST,Connecticut,Hartford,16562
508,United States,NORTH,Michigan,Chicago,78846
509,United States,EAST,Massachusetts,Newark,29533
510,United States,WEST,Washington,San Francisco,67133
511,United States,EAST,Massachusetts,Boston,40027
512,United States,NORTH,Illinois,Minneapolis,31840
513,United States,WEST,Arizona,Los Angeles,40384
514,United States,NORTH,Minnesota,Cleveland,16834
515,United States,WEST,Arizona,San Francisco,47780
516,United States,SOUTH,Louisiana,Dallas,65478
517,United States,NORTH,Wisconsin,Detroit,12252
518,United States,NORTH,Wisconsin,Cleveland,20098
519,United States,NORTH,Minnesota,Chicago,45264
520,United States,WEST,Oregon,Phoenix,26270
521,United States,WEST,Nevada,Phoenix,58356
522,United States,NORTH,Wisconsin,Detroit,79947
523,United States,SOUTH,Florida,Miami,11146
524,United States,SOUTH,Georgia,Miami,45695
525,United States,NORTH,Ohio,Chicago,75655
526,United States,EAST,Connecticut,New York City,61616
527,United States,EAST,New Jersey,Boston,16336
528,United States,WEST,Nevada,San Francisco,27339
529,United States,SOUTH,Florida,New Orleans,58128
530,United States,WEST,Arizona,Seattle,70608
531,United States,WEST,Oregon,Las Vegas,32956
532,United States,EAST,New York,Boston,31245
533,United States,EAST,Connecticut,New York City,18791
534,United States,EAST,Pennsylvania,Boston,10075
535,United States,EAST,Massachusetts,Newark,79323
536,United States,WEST,Nevada,Las Vegas,82130
537,United States,SOUTH,Louisiana,Dallas,78819
538,United States,EAST,Pennsylvania,Hartford,56391
539,United States,EAST,Connecticut,Hartford,63110
540,United States,EAST,Massachusetts,Hartford,63435
541,United States,WEST,Oregon,Phoenix,75500
542,United States,NORTH,Wisconsin,Chicago,37117
543,United States,EAST,New York,Hartford,58169
544,United States,NORTH,Michigan,Chicago,89219
545,United States,NORTH,Illinois,Milwaukee,59275
546,United States,SOUTH,Georgia,Atlanta,13129
547,United States,EAST,Massachusetts,Newark,36044
548,United States,NORTH,Minnesota,Detroit,67086
549,United States,EAST,New Jersey,Newark,87388
550,United States,NORTH,Wisconsin,Minneapolis,61951
551,United States,WEST,Oregon,San Francisco,12146
552,United States,WEST,Oregon,Las Vegas,43150
553,United States,NORTH,Illinois,Milwaukee,71125
554,United States,EAST,Pennsylvania,Philadelphia,36829
555,United States,WEST,Nevada,San Francisco,64499
556,United States,SOUTH,Texas,Miami,29075
557,United States,NORTH,Minnesota,Minneapolis,59025
558,United States,WEST,California,Seattle,70960
559,United States,NORTH,Illinois,Milwaukee,20239
560,United States,NORTH,Ohio,Minneapolis,56500
561,United States,SOUTH,Louisiana,New Orleans,72535
562,United States,WEST,California,Las Vegas,18880
563,United States,WEST,Washington,Seattle,35359
564,United States,EAST,Massachusetts,Hartford,31750
565,United States,NORTH,Minnesota,Chicago,29128
566,United States,NORTH,Ohio,Minneapolis,17849
567,United States,EAST,New York,Hartford,38664
568,United States,WEST,Arizona,Seattle,13164
569,United States,SOUTH,Alabama,Dallas,53783
570,United States,WEST,Arizona,Las Vegas,55472
571,United States,SOUTH,Louisiana,Atlanta,47345
572,United States,WEST,Washington,Los Angeles,77763
573,United States,EAST,Connecticut,New York City,67461
574,United States,SOUTH,Alabama,Dallas,77367
575,United States,SOUTH,Texas,New Orleans,84232
576,United States,NORTH,Ohio,Chicago,30097
577,United States,SOUTH,Alabama,Atlanta,96588
578,United States,WEST,Nevada,Seattle,28868
579,United States,SOUTH,Florida,Miami,22214
580,United States,EAST,Connecticut,Newark,46144
581,United States,EAST,Pennsylvania,Boston,15490
582,United States,EAST,New York,Philadelphia,11587
583,United States,WEST,Oregon,San Francisco,64837
584,United States,NORTH,Ohio,Detroit,64734
585,United States,WEST,Oregon,Las Vegas,81703
586,United States,NORTH,Ohio,Minneapolis,37605
587,United States,NORTH,Minnesota,Chicago,31416
588,United States,SOUTH,Texas,Atlanta,73263
589,United States,WEST,California,San Francisco,71381
590,United States,SOUTH,Florida,Dallas,24973
591,United States,WEST,California,Las Vegas,54923
592,United States,EAST,Connecticut,Philadelphia,71463
593,United States,NORTH,Michigan,Cleveland,83212
594,United States,EAST,Connecticut,Philadelphia,92775
595,United States,WEST,Washington,Phoenix,30394
596,United States,SOUTH,Louisiana,New Orleans,99469
597,United States,SOUTH,Georgia,New Orleans,42151
598,United States,EAST,New Jersey,New York City,66868
599,United States,EAST,Pennsylvania,Philadelphia,53011
600,United States,EAST,Connecticut,Philadelphia,75388
601,United States,WEST,Nevada,Los Angeles,87554
602,United States,WEST,Washington,Seattle,23958
603,United States,SOUTH,Florida,New Orleans,39311
604,United States,EAST,New Jersey,Boston,70862
605,United States,EAST,New Jersey,New York City,81068
606,United States,EAST,Connecticut,Philadelphia,64086
607,United States,NORTH,Illinois,Milwaukee,84261
608,United States,NORTH,Michigan,Minneapolis,20633
609,United States,NORTH,Wisconsin,Detroit,91665
610,United States,EAST,Pennsylvania,New York City,51150
611,United States,WEST,California,Las Vegas,63205
612,United States,NORTH,Illinois,Detroit,64293
613,United States,WEST,Nevada,Los Angeles,53749
614,United States,NORTH,Michigan,Chicago,50371
615,United States,EAST,New Jersey,Newark,74469
616,United States,NORTH,Illinois,Cleveland,38053
617,United States,EAST,Pennsylvania,Newark,40816
618,United States,WEST,Washington,San Francisco,90028
619,United States,SOUTH,Florida,Atlanta,30865
620,United States,WEST,Arizona,Seattle,87784
621,United States,SOUTH,Alabama,Houston,23193
622,United States,NORTH,Minnesota,Chicago,11112
623,United States,WEST,Oregon,Phoenix,66169
624,United States,NORTH,Illinois,Chicago,94930
625,United States,WEST,Oregon,Los Angeles,10273
626,United States,SOUTH,Alabama,Miami,14284
627,United States,NORTH,Wisconsin,Minneapolis,58072
628,United States,SOUTH,Georgia,New Orleans,21471
629,United States,EAST,New York,Boston,50601
630,United States,SOUTH,Georgia,Houston,15104
631,United States,SOUTH,Louisiana,Houston,15179
632,United States,NORTH,Ohio,Chicago,35198
633,United States,WEST,Oregon,Las Vegas,74272
634,United States,NORTH,Minnesota,Minneapolis,87774
635,United States,NORTH,Michigan,Cleveland,78955
636,United States,WEST,California,Phoenix,47282
637,United States,EAST,New Jersey,New York City,70599
638,United States,NORTH,Ohio,Minneapolis,30629
639,United States,SOUTH,Louisiana,Houston,75066
640,United States,EAST,Connecticut,Boston,47184
641,United States,EAST,New York,Newark,54388
642,United States,WEST,Oregon,Las Vegas,69311
643,United States,SOUTH,Georgia,New Orleans,50160
644,United States,SOUTH,Georgia,Dallas,64784
645,United States,WEST,Oregon,Seattle,97327
646,United States,WEST,Washington,San Francisco,41546
647,United States,SOUTH,Alabama,Miami,30344
648,United States,WEST,California,Los Angeles,17700
649,United States,WEST,Arizona,Los Angeles,29356
650,United States,WEST,California,Las Vegas,26529
651,United States,NORTH,Wisconsin,Chicago,47024
652,United States,WEST,Washington,Seattle,85926
653,United States,WEST,Oregon,Las Vegas,67060
654,United States,WEST,Nevada,Los Angeles,94451
655,United States,WEST,Arizona,Phoenix,49655
656,United States,NORTH,Wisconsin,Milwaukee,96007
657,United States,NORTH,Minnesota,Minneapolis,30516
658,United States,SOUTH,Alabama,Miami,55231
659,United States,SOUTH,Texas,Houston,14112
660,United States,NORTH,Michigan,Milwaukee,34453
661,United States,SOUTH,Alabama,Dallas,96288
662,United States,SOUTH,Alabama,Atlanta,68931
663,United States,SOUTH,Florida,Atlanta,65358
664,United States,NORTH,Michigan,Cleveland,34112
665,United States,EAST,New York,Boston,42846
666,United States,WEST,Nevada,Los Angeles,73818
667,United States,EAST,Massachusetts,Boston,15508
668,United States,SOUTH,Florida,Miami,77211
669,United States,SOUTH,Louisiana,Dallas,46419
670,United States,WEST,Oregon,San Francisco,64771
671,United States,EAST,New York,New York City,92776
672,United States,SOUTH,Georgia,Atlanta,90593
673,United States,EAST,Massachusetts,Philadelphia,10358
674,United States,NORTH,Minnesota,Milwaukee,75677
675,United States,WEST,Oregon,San Francisco,29373
676,United States,SOUTH,Georgia,New Orleans,45841
677,United States,SOUTH,Louisiana,Dallas,79302
678,United States,EAST,Connecticut,Hartford,90245
679,United States,NORTH,Wisconsin,Milwaukee,15167
680,United States,NORTH,Illinois,Cleveland,81712
681,United States,NORTH,Michigan,Cleveland,69826
682,United States,SOUTH,Texas,Atlanta,53595
683,United States,SOUTH,Texas,Dallas,87243
684,United States,WEST,California,Las Vegas,64689
685,United States,SOUTH,Alabama,New Orleans,84959
686,United States,EAST,New Jersey,Philadelphia,87449
687,United States,WEST,Oregon,Las Vegas,44694
688,United States,SOUTH,Georgia,Houston,40077
689,United States,NORTH,Ohio,Minneapolis,61748
690,United States,SOUTH,Georgia,Houston,79565
691,United States,NORTH,Wisconsin,Chicago,39071
692,United States,WEST,Nevada,San Francisco,62032
693,United States,NORTH,Minnesota,Milwaukee,16260
694,United States,NORTH,Minnesota,Minneapolis,80157
695,United States,SOUTH,Louisiana,Dallas,12142
696,United States,EAST,Connecticut,Philadelphia,88675
697,United States,NORTH,Minnesota,Milwaukee,86044
698,United States,EAST,New Jersey,Hartford,96676
699,United States,NORTH,Ohio,Minneapolis,25187
700,United States,SOUTH,Florida,Dallas,83499
