Policy_Id,Customer_ID,Premium_Amt,Total_Policy_Amt,Premium_Amt_Paid_TillDate,Next_Premium_Dt,Actual_Premium_Paid_Dt,Region
10001,1,25000,200000,14732.62,2014-09-20,2014-02-06,EAST
10001,1,25000,200000,14732.62,2014-09-20,2014-03-08,EAST
10001,1,25000,200000,14732.62,2014-09-20,2014-04-07,EAST
10002,1,12500,500000,6117.62,2012-10-07,2011-10-11,EAST
10002,1,12500,500000,6117.62,2012-10-07,2011-11-10,EAST
10003,1,7500,500000,1846.81,2011-03-03,2010-06-20,EAST
10003,1,7500,500000,1846.81,2011-03-03,2010-07-20,EAST
10003,1,7500,500000,1846.81,2011-03-03,2010-08-19,EAST
10003,1,7500,500000,1846.81,2011-03-03,2010-09-18,EAST
10003,1,7500,500000,1846.81,2011-03-03,2010-10-18,EAST
10004,2,15000,1000000,8717.53,2015-04-25,2014-09-02,SOUTH
10004,2,15000,1000000,8717.53,2015-04-25,2014-10-02,SOUTH
10005,3,5000,800000,3009.66,2021-01-09,2012-01-02,EAST
10006,4,12500,400000,3354.47,2019-03-24,2018-04-14,NORTH
10006,4,12500,400000,3354.47,2019-03-24,2018-05-14,NORTH
10006,4,12500,400000,3354.47,2019-03-24,2018-06-13,NORTH
10006,4,12500,400000,3354.47,2019-03-24,2018-07-13,NORTH
10007,4,12500,200000,3451.52,2009-12-15,2008-12-14,NORTH
10008,5,20000,800000,5267.46,2012-08-05,2012-05-06,NORTH
10008,5,20000,800000,5267.46,2012-08-05,2012-06-05,NORTH
10008,5,20000,800000,5267.46,2012-08-05,2012-07-05,NORTH
10009,5,25000,200000,7567.69,2019-04-02,2018-01-10,NORTH
10009,5,25000,200000,7567.69,2019-04-02,2018-02-09,NORTH
10010,5,10000,500000,6045.52,2016-03-09,2015-02-28,NORTH
10010,5,10000,500000,6045.52,2016-03-09,2015-03-30,NORTH
10010,5,10000,500000,6045.52,2016-03-09,2015-04-29,NORTH
10010,5,10000,500000,6045.52,2016-03-09,2015-05-29,NORTH
10011,6,10000,600000,8392.43,2021-07-24,2020-04-14,SOUTH
10012,7,15000,200000,13357.43,2013-09-29,2012-09-21,EAST
10013,7,5000,400000,2921.1,2009-04-15,2007-11-11,EAST
10013,7,5000,400000,2921.1,2009-04-15,2007-12-11,EAST
10014,8,25000,400000,20071.84,2021-02-03,2020-10-10,SOUTH
10014,8,25000,400000,20071.84,2021-02-03,2020-11-09,SOUTH
10014,8,25000,400000,20071.84,2021-02-03,2020-12-09,SOUTH
10015,9,15000,500000,6340.34,2015-09-22,2014-09-07,EAST
10015,9,15000,500000,6340.34,2015-09-22,2014-10-07,EAST
10016,10,15000,300000,4820.81,2014-08-26,2013-07-23,NORTH
10016,10,15000,300000,4820.81,2014-08-26,2013-08-22,NORTH
10016,10,15000,300000,4820.81,2014-08-26,2013-09-21,NORTH
10017,10,12500,1000000,9849.67,2009-11-21,2009-03-22,NORTH
10017,10,12500,1000000,9849.67,2009-11-21,2009-04-21,NORTH
10017,10,12500,1000000,9849.67,2009-11-21,2009-05-21,NORTH
10018,11,7500,200000,4904.04,2020-04-17,2020-01-12,SOUTH
10018,11,7500,200000,4904.04,2020-04-17,2020-02-11,SOUTH
10018,11,7500,200000,4904.04,2020-04-17,2020-03-12,SOUTH
10018,11,7500,200000,4904.04,2020-04-17,2020-04-11,SOUTH
10019,12,7500,200000,4871.78,2020-02-11,2019-10-04,SOUTH
10019,12,7500,200000,4871.78,2020-02-11,2019-11-03,SOUTH
10020,13,12500,600000,6475.95,2021-01-05,2020-08-06,SOUTH
10020,13,12500,600000,6475.95,2021-01-05,2020-09-05,SOUTH
10020,13,12500,600000,6475.95,2021-01-05,2020-10-05,SOUTH
10020,13,12500,600000,6475.95,2021-01-05,2020-11-04,SOUTH
10021,13,12500,400000,4125.67,2017-11-11,2017-05-20,SOUTH
10021,13,12500,400000,4125.67,2017-11-11,2017-06-19,SOUTH
10022,14,25000,900000,17462.27,2018-06-17,2017-12-18,EAST
10022,14,25000,900000,17462.27,2018-06-17,2018-01-17,EAST
10023,14,15000,400000,13271.45,2014-06-05,2014-03-20,EAST
10023,14,15000,400000,13271.45,2014-06-05,2014-04-19,EAST
10023,14,15000,400000,13271.45,2014-06-05,2014-05-19,EAST
10024,14,10000,200000,5370.73,2016-10-25,2015-11-03,EAST
10025,15,20000,600000,17771.36,2009-07-21,2008-03-09,EAST
10025,15,20000,600000,17771.36,2009-07-21,2008-04-08,EAST
10025,15,20000,600000,17771.36,2009-07-21,2008-05-08,EAST
10026,15,5000,600000,3135.25,2016-11-02,2015-06-06,EAST
10026,15,5000,600000,3135.25,2016-11-02,2015-07-06,EAST
10026,15,5000,600000,3135.25,2016-11-02,2015-08-05,EAST
10027,15,20000,800000,5093.15,2016-09-12,2015-08-07,EAST
10027,15,20000,800000,5093.15,2016-09-12,2015-09-06,EAST
10027,15,20000,800000,5093.15,2016-09-12,2015-10-06,EAST
10027,15,20000,800000,5093.15,2016-09-12,2015-11-05,EAST
10027,15,20000,800000,5093.15,2016-09-12,2015-12-05,EAST
10028,16,15000,200000,6607.23,2019-06-07,2018-01-01,EAST
10028,16,15000,200000,6607.23,2019-06-07,2018-01-31,EAST
10028,16,15000,200000,6607.23,2019-06-07,2018-03-02,EAST
10028,16,15000,200000,6607.23,2019-06-07,2018-04-01,EAST
10028,16,15000,200000,6607.23,2019-06-07,2018-05-01,EAST
10029,16,15000,500000,10705.05,2016-06-25,2015-07-08,EAST
10030,16,10000,300000,6865.36,2013-02-17,2012-12-01,EAST
10031,17,5000,800000,3023.49,2018-06-21,2017-08-23,SOUTH
10031,17,5000,800000,3023.49,2018-06-21,2017-09-22,SOUTH
10032,17,10000,1000000,6370.22,2007-05-10,2006-02-27,SOUTH
10033,17,7500,600000,5970.09,2016-02-23,2015-11-16,SOUTH
10034,18,10000,400000,3798.69,2009-05-04,2007-12-22,WEST
10034,18,10000,400000,3798.69,2009-05-04,2008-01-21,WEST
10035,18,15000,800000,9921.13,2018-12-02,2018-07-18,WEST
10036,19,7500,500000,5696.7,2011-04-12,2010-11-11,SOUTH
10036,19,7500,500000,5696.7,2011-04-12,2010-12-11,SOUTH
10036,19,7500,500000,5696.7,2011-04-12,2011-01-10,SOUTH
10037,19,7500,600000,2309.29,2014-01-02,2012-09-09,SOUTH
10037,19,7500,600000,2309.29,2014-01-02,2012-10-09,SOUTH
10038,20,20000,500000,12926.05,2014-10-10,2013-08-05,EAST
10039,20,25000,400000,16239.57,2018-03-13,2017-12-16,EAST
10039,20,25000,400000,16239.57,2018-03-13,2018-01-15,EAST
10039,20,25000,400000,16239.57,2018-03-13,2018-02-14,EAST
10039,20,25000,400000,16239.57,2018-03-13,2018-03-16,EAST
10040,21,12500,500000,6667.33,2009-05-06,2008-10-04,WEST
10040,21,12500,500000,6667.33,2009-05-06,2008-11-03,WEST
10040,21,12500,500000,6667.33,2009-05-06,2008-12-03,WEST
10041,22,20000,500000,7676.75,2014-05-07,2013-07-09,SOUTH
10042,22,10000,1000000,4674.03,2015-07-18,2014-10-02,SOUTH
10042,22,10000,1000000,4674.03,2015-07-18,2014-11-01,SOUTH
10042,22,10000,1000000,4674.03,2015-07-18,2014-12-01,SOUTH
10042,22,10000,1000000,4674.03,2015-07-18,2014-12-31,SOUTH
10042,22,10000,1000000,4674.03,2015-07-18,2015-01-30,SOUTH
10043,22,5000,200000,2859.53,2018-05-05,2016-11-22,SOUTH
10043,22,5000,200000,2859.53,2018-05-05,2016-12-22,SOUTH
10043,22,5000,200000,2859.53,2018-05-05,2017-01-21,SOUTH
10043,22,5000,200000,2859.53,2018-05-05,2017-02-20,SOUTH
10043,22,5000,200000,2859.53,2018-05-05,2017-03-22,SOUTH
10044,23,25000,400000,9730.71,2019-04-30,2018-09-11,WEST
10044,23,25000,400000,9730.71,2019-04-30,2018-10-11,WEST
10044,23,25000,400000,9730.71,2019-04-30,2018-11-10,WEST
10044,23,25000,400000,9730.71,2019-04-30,2018-12-10,WEST
10045,23,15000,500000,11118.09,2011-07-16,2010-09-23,WEST
10045,23,15000,500000,11118.09,2011-07-16,2010-10-23,WEST
10045,23,15000,500000,11118.09,2011-07-16,2010-11-22,WEST
10045,23,15000,500000,11118.09,2011-07-16,2010-12-22,WEST
10045,23,15000,500000,11118.09,2011-07-16,2011-01-21,WEST
10046,24,25000,300000,10904.62,2020-12-18,2020-01-27,EAST
10047,24,5000,800000,3910.91,2012-03-15,2012-01-11,EAST
10047,24,5000,800000,3910.91,2012-03-15,2012-02-10,EAST
10047,24,5000,800000,3910.91,2012-03-15,2012-03-11,EAST
10047,24,5000,800000,3910.91,2012-03-15,2012-04-10,EAST
10048,24,15000,200000,7682.39,2015-05-07,2014-03-23,EAST
10048,24,15000,200000,7682.39,2015-05-07,2014-04-22,EAST
10048,24,15000,200000,7682.39,2015-05-07,2014-05-22,EAST
10048,24,15000,200000,7682.39,2015-05-07,2014-06-21,EAST
10048,24,15000,200000,7682.39,2015-05-07,2014-07-21,EAST
10049,25,5000,200000,1321.79,2011-09-07,2010-08-26,WEST
10049,25,5000,200000,1321.79,2011-09-07,2010-09-25,WEST
10049,25,5000,200000,1321.79,2011-09-07,2010-10-25,WEST
10050,26,5000,800000,1302.35,2018-10-11,2018-06-12,EAST
10051,26,20000,1000000,13070.68,2009-05-04,2007-12-01,EAST
10051,26,20000,1000000,13070.68,2009-05-04,2007-12-31,EAST
10051,26,20000,1000000,13070.68,2009-05-04,2008-01-30,EAST
10052,26,7500,400000,3951.52,2008-01-24,2007-06-28,EAST
10053,27,20000,800000,14781.67,2012-06-11,2011-03-15,EAST
10053,27,20000,800000,14781.67,2012-06-11,2011-04-14,EAST
10053,27,20000,800000,14781.67,2012-06-11,2011-05-14,EAST
10054,28,25000,200000,11800.33,2007-05-12,2006-08-30,WEST
10054,28,25000,200000,11800.33,2007-05-12,2006-09-29,WEST
10055,28,7500,500000,4081.54,2011-01-20,2010-10-17,WEST
10055,28,7500,500000,4081.54,2011-01-20,2010-11-16,WEST
10055,28,7500,500000,4081.54,2011-01-20,2010-12-16,WEST
10055,28,7500,500000,4081.54,2011-01-20,2011-01-15,WEST
10056,29,20000,500000,6014.22,2014-02-14,2013-10-22,EAST
10056,29,20000,500000,6014.22,2014-02-14,2013-11-21,EAST
10057,30,5000,500000,1906.49,2019-12-09,2018-10-09,SOUTH
10057,30,5000,500000,1906.49,2019-12-09,2018-11-08,SOUTH
10057,30,5000,500000,1906.49,2019-12-09,2018-12-08,SOUTH
10057,30,5000,500000,1906.49,2019-12-09,2019-01-07,SOUTH
10057,30,5000,500000,1906.49,2019-12-09,2019-02-06,SOUTH
10058,30,15000,800000,11160.99,2007-02-25,2006-08-21,SOUTH
10058,30,15000,800000,11160.99,2007-02-25,2006-09-20,SOUTH
10058,30,15000,800000,11160.99,2007-02-25,2006-10-20,SOUTH
10059,31,20000,200000,13304.48,2008-07-22,2008-05-04,SOUTH
10060,32,12500,600000,7009.6,2020-11-13,2020-09-13,EAST
10060,32,12500,600000,7009.6,2020-11-13,2020-10-13,EAST
10060,32,12500,600000,7009.6,2020-11-13,2020-11-12,EAST
10060,32,12500,600000,7009.6,2020-11-13,2020-12-12,EAST
10060,32,12500,600000,7009.6,2020-11-13,2021-01-11,EAST
10061,32,12500,1000000,9333.2,2016-11-27,2015-09-22,EAST
10062,33,12500,800000,9323.51,2011-05-18,2010-01-25,WEST
10063,34,10000,800000,4804.3,2017-08-06,2017-01-03,SOUTH
10063,34,10000,800000,4804.3,2017-08-06,2017-02-02,SOUTH
10064,35,25000,400000,19720.68,2013-06-21,2013-03-12,NORTH
10064,35,25000,400000,19720.68,2013-06-21,2013-04-11,NORTH
10065,35,7500,600000,6579.44,2019-10-01,2019-07-13,NORTH
10065,35,7500,600000,6579.44,2019-10-01,2019-08-12,NORTH
10065,35,7500,600000,6579.44,2019-10-01,2019-09-11,NORTH
10066,35,12500,200000,8527.37,2012-10-01,2011-09-15,NORTH
10066,35,12500,200000,8527.37,2012-10-01,2011-10-15,NORTH
10067,36,20000,300000,4499.78,2019-07-21,2019-03-12,SOUTH
10067,36,20000,300000,4499.78,2019-07-21,2019-04-11,SOUTH
10067,36,20000,300000,4499.78,2019-07-21,2019-05-11,SOUTH
10067,36,20000,300000,4499.78,2019-07-21,2019-06-10,SOUTH
10067,36,20000,300000,4499.78,2019-07-21,2019-07-10,SOUTH
10068,36,12500,500000,9436.47,2018-07-21,2018-04-20,SOUTH
10068,36,12500,500000,9436.47,2018-07-21,2018-05-20,SOUTH
10068,36,12500,500000,9436.47,2018-07-21,2018-06-19,SOUTH
10068,36,12500,500000,9436.47,2018-07-21,2018-07-19,SOUTH
10068,36,12500,500000,9436.47,2018-07-21,2018-08-18,SOUTH
10069,37,25000,1000000,21915.05,2017-01-01,2016-03-17,NORTH
10069,37,25000,1000000,21915.05,2017-01-01,2016-04-16,NORTH
10070,37,5000,400000,3523.54,2007-02-06,2005-10-31,NORTH
10070,37,5000,400000,3523.54,2007-02-06,2005-11-30,NORTH
10070,37,5000,400000,3523.54,2007-02-06,2005-12-30,NORTH
10070,37,5000,400000,3523.54,2007-02-06,2006-01-29,NORTH
10071,37,25000,800000,14154.59,2008-10-01,2007-08-27,NORTH
10071,37,25000,800000,14154.59,2008-10-01,2007-09-26,NORTH
10071,37,25000,800000,14154.59,2008-10-01,2007-10-26,NORTH
10072,38,15000,300000,3387.22,2008-08-09,2008-05-05,NORTH
10073,38,5000,500000,4213.07,2017-05-27,2015-12-20,NORTH
10073,38,5000,500000,4213.07,2017-05-27,2016-01-19,NORTH
10073,38,5000,500000,4213.07,2017-05-27,2016-02-18,NORTH
10074,38,20000,300000,6411.49,2010-08-18,2010-06-12,NORTH
10074,38,20000,300000,6411.49,2010-08-18,2010-07-12,NORTH
10074,38,20000,300000,6411.49,2010-08-18,2010-08-11,NORTH
10074,38,20000,300000,6411.49,2010-08-18,2010-09-10,NORTH
10075,39,15000,300000,9205.95,2008-07-08,2007-03-09,WEST
10075,39,15000,300000,9205.95,2008-07-08,2007-04-08,WEST
10075,39,15000,300000,9205.95,2008-07-08,2007-05-08,WEST
10075,39,15000,300000,9205.95,2008-07-08,2007-06-07,WEST
10076,40,25000,600000,6104.43,2016-08-15,2016-02-25,NORTH
10077,41,20000,500000,5691.23,2013-03-09,2012-07-26,SOUTH
10077,41,20000,500000,5691.23,2013-03-09,2012-08-25,SOUTH
10077,41,20000,500000,5691.23,2013-03-09,2012-09-24,SOUTH
10077,41,20000,500000,5691.23,2013-03-09,2012-10-24,SOUTH
10077,41,20000,500000,5691.23,2013-03-09,2012-11-23,SOUTH
10078,42,10000,1000000,3492.62,2018-07-09,2017-03-30,WEST
10078,42,10000,1000000,3492.62,2018-07-09,2017-04-29,WEST
10078,42,10000,1000000,3492.62,2018-07-09,2017-05-29,WEST
10078,42,10000,1000000,3492.62,2018-07-09,2017-06-28,WEST
10079,42,10000,200000,3917.25,2018-08-20,2018-04-21,WEST
10079,42,10000,200000,3917.25,2018-08-20,2018-05-21,WEST
10080,42,10000,600000,5070.63,2009-03-01,2008-10-08,WEST
10080,42,10000,600000,5070.63,2009-03-01,2008-11-07,WEST
10081,43,25000,1000000,15717.73,2009-01-15,2007-12-29,WEST
10081,43,25000,1000000,15717.73,2009-01-15,2008-01-28,WEST
10082,43,5000,200000,1627.94,2005-07-11,2005-05-09,WEST
10082,43,5000,200000,1627.94,2005-07-11,2005-06-08,WEST
10082,43,5000,200000,1627.94,2005-07-11,2005-07-08,WEST
10082,43,5000,200000,1627.94,2005-07-11,2005-08-07,WEST
10082,43,5000,200000,1627.94,2005-07-11,2005-09-06,WEST
10083,43,15000,400000,10281.79,2021-08-07,2020-11-07,WEST
10083,43,15000,400000,10281.79,2021-08-07,2020-12-07,WEST
10083,43,15000,400000,10281.79,2021-08-07,2021-01-06,WEST
10083,43,15000,400000,10281.79,2021-08-07,2021-02-05,WEST
10084,44,20000,400000,10305.87,2010-07-09,2009-08-16,NORTH
10084,44,20000,400000,10305.87,2010-07-09,2009-09-15,NORTH
10084,44,20000,400000,10305.87,2010-07-09,2009-10-15,NORTH
10084,44,20000,400000,10305.87,2010-07-09,2009-11-14,NORTH
10084,44,20000,400000,10305.87,2010-07-09,2009-12-14,NORTH
10085,44,20000,200000,6520.01,2009-11-30,2008-11-30,NORTH
10086,45,25000,1000000,11087.44,2007-07-25,2006-12-23,NORTH
10086,45,25000,1000000,11087.44,2007-07-25,2007-01-22,NORTH
10087,45,7500,200000,6628.16,2018-06-01,2017-07-05,NORTH
10087,45,7500,200000,6628.16,2018-06-01,2017-08-04,NORTH
10087,45,7500,200000,6628.16,2018-06-01,2017-09-03,NORTH
10087,45,7500,200000,6628.16,2018-06-01,2017-10-03,NORTH
10088,46,7500,500000,4788.94,2018-05-08,2017-02-08,EAST
10088,46,7500,500000,4788.94,2018-05-08,2017-03-10,EAST
10088,46,7500,500000,4788.94,2018-05-08,2017-04-09,EAST
10088,46,7500,500000,4788.94,2018-05-08,2017-05-09,EAST
10088,46,7500,500000,4788.94,2018-05-08,2017-06-08,EAST
10089,46,7500,200000,2283.39,2012-06-24,2011-03-15,EAST
10089,46,7500,200000,2283.39,2012-06-24,2011-04-14,EAST
10089,46,7500,200000,2283.39,2012-06-24,2011-05-14,EAST
10089,46,7500,200000,2283.39,2012-06-24,2011-06-13,EAST
10090,46,7500,800000,1783.64,2016-05-20,2016-02-28,EAST
10090,46,7500,800000,1783.64,2016-05-20,2016-03-29,EAST
10090,46,7500,800000,1783.64,2016-05-20,2016-04-28,EAST
10090,46,7500,800000,1783.64,2016-05-20,2016-05-28,EAST
10091,47,10000,400000,7636.08,2010-09-23,2009-09-13,SOUTH
10091,47,10000,400000,7636.08,2010-09-23,2009-10-13,SOUTH
10091,47,10000,400000,7636.08,2010-09-23,2009-11-12,SOUTH
10092,47,20000,200000,6462.43,2006-11-21,2005-12-21,SOUTH
10092,47,20000,200000,6462.43,2006-11-21,2006-01-20,SOUTH
10092,47,20000,200000,6462.43,2006-11-21,2006-02-19,SOUTH
10093,48,5000,300000,2556.87,2017-09-22,2016-07-20,WEST
10093,48,5000,300000,2556.87,2017-09-22,2016-08-19,WEST
10094,49,20000,800000,8559.59,2015-10-27,2014-05-26,NORTH
10095,49,5000,300000,2444.08,2013-07-06,2012-04-25,NORTH
10096,49,5000,500000,2695.43,2014-05-29,2013-06-04,NORTH
10096,49,5000,500000,2695.43,2014-05-29,2013-07-04,NORTH
10096,49,5000,500000,2695.43,2014-05-29,2013-08-03,NORTH
10096,49,5000,500000,2695.43,2014-05-29,2013-09-02,NORTH
10097,50,12500,300000,5767.99,2010-07-22,2009-11-06,WEST
10097,50,12500,300000,5767.99,2010-07-22,2009-12-06,WEST
10098,50,10000,400000,4351.24,2009-10-20,2009-05-10,WEST
10099,51,7500,200000,3944.06,2007-09-12,2006-05-04,SOUTH
10099,51,7500,200000,3944.06,2007-09-12,2006-06-03,SOUTH
10099,51,7500,200000,3944.06,2007-09-12,2006-07-03,SOUTH
10099,51,7500,200000,3944.06,2007-09-12,2006-08-02,SOUTH
10099,51,7500,200000,3944.06,2007-09-12,2006-09-01,SOUTH
10100,52,10000,600000,7526.83,2013-02-02,2012-09-15,SOUTH
10100,52,10000,600000,7526.83,2013-02-02,2012-10-15,SOUTH
10100,52,10000,600000,7526.83,2013-02-02,2012-11-14,SOUTH
10101,52,15000,1000000,3907.98,2009-04-19,2008-10-24,SOUTH
10102,53,12500,1000000,4942.75,2010-09-01,2009-11-09,NORTH
10102,53,12500,1000000,4942.75,2010-09-01,2009-12-09,NORTH
10102,53,12500,1000000,4942.75,2010-09-01,2010-01-08,NORTH
10103,53,10000,500000,3556.85,2011-07-05,2010-07-14,NORTH
10103,53,10000,500000,3556.85,2011-07-05,2010-08-13,NORTH
10103,53,10000,500000,3556.85,2011-07-05,2010-09-12,NORTH
10104,53,5000,500000,1140.21,2008-07-26,2008-05-05,NORTH
10104,53,5000,500000,1140.21,2008-07-26,2008-06-04,NORTH
10104,53,5000,500000,1140.21,2008-07-26,2008-07-04,NORTH
10104,53,5000,500000,1140.21,2008-07-26,2008-08-03,NORTH
10105,54,15000,500000,11502.02,2006-08-04,2005-10-03,NORTH
10106,54,7500,200000,5453.66,2016-02-04,2015-02-24,NORTH
10106,54,7500,200000,5453.66,2016-02-04,2015-03-26,NORTH
10106,54,7500,200000,5453.66,2016-02-04,2015-04-25,NORTH
10107,55,10000,400000,6533.48,2010-05-22,2009-11-21,NORTH
10107,55,10000,400000,6533.48,2010-05-22,2009-12-21,NORTH
10107,55,10000,400000,6533.48,2010-05-22,2010-01-20,NORTH
10107,55,10000,400000,6533.48,2010-05-22,2010-02-19,NORTH
10108,55,20000,400000,13846.26,2005-09-30,2005-05-11,NORTH
10109,55,12500,500000,3712.96,2019-05-04,2018-02-03,NORTH
10109,55,12500,500000,3712.96,2019-05-04,2018-03-05,NORTH
10110,56,20000,500000,12867.63,2010-04-20,2009-02-24,SOUTH
10111,56,10000,600000,4076.13,2013-11-03,2013-08-19,SOUTH
10111,56,10000,600000,4076.13,2013-11-03,2013-09-18,SOUTH
10111,56,10000,600000,4076.13,2013-11-03,2013-10-18,SOUTH
10111,56,10000,600000,4076.13,2013-11-03,2013-11-17,SOUTH
10111,56,10000,600000,4076.13,2013-11-03,2013-12-17,SOUTH
10112,56,15000,600000,5175.04,2021-12-07,2020-08-28,SOUTH
10112,56,15000,600000,5175.04,2021-12-07,2020-09-27,SOUTH
10112,56,15000,600000,5175.04,2021-12-07,2020-10-27,SOUTH
10112,56,15000,600000,5175.04,2021-12-07,2020-11-26,SOUTH
10112,56,15000,600000,5175.04,2021-12-07,2020-12-26,SOUTH
10113,57,20000,200000,17234.51,2019-10-20,2018-12-01,NORTH
10113,57,20000,200000,17234.51,2019-10-20,2018-12-31,NORTH
10113,57,20000,200000,17234.51,2019-10-20,2019-01-30,NORTH
10113,57,20000,200000,17234.51,2019-10-20,2019-03-01,NORTH
10113,57,20000,200000,17234.51,2019-10-20,2019-03-31,NORTH
10114,57,12500,400000,7917.42,2006-12-22,2006-02-27,NORTH
10115,57,20000,600000,4938.08,2014-05-15,2013-03-21,NORTH
10115,57,20000,600000,4938.08,2014-05-15,2013-04-20,NORTH
10115,57,20000,600000,4938.08,2014-05-15,2013-05-20,NORTH
10115,57,20000,600000,4938.08,2014-05-15,2013-06-19,NORTH
10115,57,20000,600000,4938.08,2014-05-15,2013-07-19,NORTH
10116,58,7500,600000,4907.45,2008-06-05,2008-02-08,WEST
10116,58,7500,600000,4907.45,2008-06-05,2008-03-09,WEST
10117,58,25000,800000,8945.15,2021-12-29,2020-10-06,WEST
10117,58,25000,800000,8945.15,2021-12-29,2020-11-05,WEST
10117,58,25000,800000,8945.15,2021-12-29,2020-12-05,WEST
10117,58,25000,800000,8945.15,2021-12-29,2021-01-04,WEST
10118,58,20000,500000,4762.44,2011-07-20,2010-12-31,WEST
10118,58,20000,500000,4762.44,2011-07-20,2011-01-30,WEST
10118,58,20000,500000,4762.44,2011-07-20,2011-03-01,WEST
10118,58,20000,500000,4762.44,2011-07-20,2011-03-31,WEST
10119,59,15000,600000,4288.45,2016-06-22,2015-02-24,SOUTH
10119,59,15000,600000,4288.45,2016-06-22,2015-03-26,SOUTH
10119,59,15000,600000,4288.45,2016-06-22,2015-04-25,SOUTH
10119,59,15000,600000,4288.45,2016-06-22,2015-05-25,SOUTH
10119,59,15000,600000,4288.45,2016-06-22,2015-06-24,SOUTH
10120,59,10000,500000,4577.02,2021-03-31,2020-03-19,SOUTH
10120,59,10000,500000,4577.02,2021-03-31,2020-04-18,SOUTH
10120,59,10000,500000,4577.02,2021-03-31,2020-05-18,SOUTH
10120,59,10000,500000,4577.02,2021-03-31,2020-06-17,SOUTH
10120,59,10000,500000,4577.02,2021-03-31,2020-07-17,SOUTH
10121,60,5000,200000,4142.81,2009-12-08,2009-03-23,WEST
10121,60,5000,200000,4142.81,2009-12-08,2009-04-22,WEST
10121,60,5000,200000,4142.81,2009-12-08,2009-05-22,WEST
10122,60,7500,400000,5159.68,2007-01-18,2006-09-23,WEST
10123,60,15000,800000,6078.28,2008-07-27,2008-05-17,WEST
10123,60,15000,800000,6078.28,2008-07-27,2008-06-16,WEST
10123,60,15000,800000,6078.28,2008-07-27,2008-07-16,WEST
10123,60,15000,800000,6078.28,2008-07-27,2008-08-15,WEST
10123,60,15000,800000,6078.28,2008-07-27,2008-09-14,WEST
10124,61,10000,500000,7163.96,2008-09-30,2007-12-18,EAST
10125,61,5000,200000,3806.96,2012-12-04,2011-07-17,EAST
10125,61,5000,200000,3806.96,2012-12-04,2011-08-16,EAST
10125,61,5000,200000,3806.96,2012-12-04,2011-09-15,EAST
10126,61,12500,600000,8237.9,2020-02-08,2019-06-18,EAST
10126,61,12500,600000,8237.9,2020-02-08,2019-07-18,EAST
10127,62,20000,600000,11678.56,2019-08-27,2018-04-23,SOUTH
10127,62,20000,600000,11678.56,2019-08-27,2018-05-23,SOUTH
10127,62,20000,600000,11678.56,2019-08-27,2018-06-22,SOUTH
10128,62,7500,1000000,2401.62,2012-05-31,2011-10-28,SOUTH
10128,62,7500,1000000,2401.62,2012-05-31,2011-11-27,SOUTH
10128,62,7500,1000000,2401.62,2012-05-31,2011-12-27,SOUTH
10128,62,7500,1000000,2401.62,2012-05-31,2012-01-26,SOUTH
10128,62,7500,1000000,2401.62,2012-05-31,2012-02-25,SOUTH
10129,63,10000,1000000,2331.23,2017-03-17,2015-11-11,SOUTH
10129,63,10000,1000000,2331.23,2017-03-17,2015-12-11,SOUTH
10129,63,10000,1000000,2331.23,2017-03-17,2016-01-10,SOUTH
10129,63,10000,1000000,2331.23,2017-03-17,2016-02-09,SOUTH
10130,63,7500,600000,5237.01,2011-10-08,2011-05-19,SOUTH
10130,63,7500,600000,5237.01,2011-10-08,2011-06-18,SOUTH
10130,63,7500,600000,5237.01,2011-10-08,2011-07-18,SOUTH
10131,64,20000,800000,6148.79,2010-03-18,2008-12-07,EAST
10132,64,10000,600000,5086.22,2007-12-18,2007-08-16,EAST
10133,65,20000,200000,8437.21,2010-09-12,2009-08-08,WEST
10134,65,12500,600000,7169.38,2008-09-16,2008-04-26,WEST
10134,65,12500,600000,7169.38,2008-09-16,2008-05-26,WEST
10134,65,12500,600000,7169.38,2008-09-16,2008-06-25,WEST
10135,66,25000,300000,21236.7,2014-11-18,2014-01-28,SOUTH
10135,66,25000,300000,21236.7,2014-11-18,2014-02-27,SOUTH
10136,67,10000,800000,4068.9,2018-05-28,2017-04-02,EAST
10136,67,10000,800000,4068.9,2018-05-28,2017-05-02,EAST
10136,67,10000,800000,4068.9,2018-05-28,2017-06-01,EAST
10137,68,25000,600000,20870.41,2021-02-22,2019-12-17,SOUTH
10137,68,25000,600000,20870.41,2021-02-22,2020-01-16,SOUTH
10137,68,25000,600000,20870.41,2021-02-22,2020-02-15,SOUTH
10137,68,25000,600000,20870.41,2021-02-22,2020-03-16,SOUTH
10138,68,5000,800000,4150.61,2013-06-07,2012-08-06,SOUTH
10138,68,5000,800000,4150.61,2013-06-07,2012-09-05,SOUTH
10139,69,5000,500000,3943.07,2008-08-26,2007-08-16,SOUTH
10139,69,5000,500000,3943.07,2008-08-26,2007-09-15,SOUTH
10139,69,5000,500000,3943.07,2008-08-26,2007-10-15,SOUTH
10140,70,5000,600000,1683.02,2008-02-20,2007-01-28,SOUTH
10140,70,5000,600000,1683.02,2008-02-20,2007-02-27,SOUTH
10140,70,5000,600000,1683.02,2008-02-20,2007-03-29,SOUTH
10141,70,7500,200000,4326.66,2010-04-06,2009-12-25,SOUTH
10141,70,7500,200000,4326.66,2010-04-06,2010-01-24,SOUTH
10141,70,7500,200000,4326.66,2010-04-06,2010-02-23,SOUTH
10141,70,7500,200000,4326.66,2010-04-06,2010-03-25,SOUTH
10142,71,7500,500000,4666.65,2017-02-01,2016-06-24,WEST
10143,71,10000,500000,7011.75,2006-08-18,2006-04-05,WEST
10143,71,10000,500000,7011.75,2006-08-18,2006-05-05,WEST
10143,71,10000,500000,7011.75,2006-08-18,2006-06-04,WEST
10143,71,10000,500000,7011.75,2006-08-18,2006-07-04,WEST
10143,71,10000,500000,7011.75,2006-08-18,2006-08-03,WEST
10144,72,5000,400000,2229.74,2014-04-23,2013-08-30,SOUTH
10144,72,5000,400000,2229.74,2014-04-23,2013-09-29,SOUTH
10144,72,5000,400000,2229.74,2014-04-23,2013-10-29,SOUTH
10145,72,7500,800000,3832.16,2018-12-28,2017-08-01,SOUTH
10146,73,25000,800000,12417.06,2012-11-23,2011-06-23,NORTH
10146,73,25000,800000,12417.06,2012-11-23,2011-07-23,NORTH
10146,73,25000,800000,12417.06,2012-11-23,2011-08-22,NORTH
10146,73,25000,800000,12417.06,2012-11-23,2011-09-21,NORTH
10147,73,15000,200000,5181.73,2008-06-30,2008-02-18,NORTH
10147,73,15000,200000,5181.73,2008-06-30,2008-03-19,NORTH
10147,73,15000,200000,5181.73,2008-06-30,2008-04-18,NORTH
10148,74,15000,1000000,3928.71,2013-03-19,2012-07-10,WEST
10148,74,15000,1000000,3928.71,2013-03-19,2012-08-09,WEST
10148,74,15000,1000000,3928.71,2013-03-19,2012-09-08,WEST
10149,74,12500,300000,6543.55,2020-04-09,2019-05-01,WEST
10149,74,12500,300000,6543.55,2020-04-09,2019-05-31,WEST
10149,74,12500,300000,6543.55,2020-04-09,2019-06-30,WEST
10149,74,12500,300000,6543.55,2020-04-09,2019-07-30,WEST
10150,75,25000,500000,14692.67,2010-01-15,2009-06-21,NORTH
10151,75,10000,500000,7178.99,2012-09-20,2011-10-10,NORTH
10152,75,7500,400000,6519.14,2006-03-09,2005-08-08,NORTH
10152,75,7500,400000,6519.14,2006-03-09,2005-09-07,NORTH
10152,75,7500,400000,6519.14,2006-03-09,2005-10-07,NORTH
10153,76,20000,400000,6511.21,2008-07-14,2007-10-15,NORTH
10153,76,20000,400000,6511.21,2008-07-14,2007-11-14,NORTH
10153,76,20000,400000,6511.21,2008-07-14,2007-12-14,NORTH
10154,76,25000,400000,22400.83,2006-06-30,2005-08-22,NORTH
10154,76,25000,400000,22400.83,2006-06-30,2005-09-21,NORTH
10155,76,10000,600000,5959.02,2019-04-10,2018-06-08,NORTH
10156,77,10000,600000,6026.85,2021-10-06,2020-07-28,EAST
10156,77,10000,600000,6026.85,2021-10-06,2020-08-27,EAST
10157,77,5000,300000,2613.65,2009-04-07,2008-08-27,EAST
10157,77,5000,300000,2613.65,2009-04-07,2008-09-26,EAST
10157,77,5000,300000,2613.65,2009-04-07,2008-10-26,EAST
10157,77,5000,300000,2613.65,2009-04-07,2008-11-25,EAST
10157,77,5000,300000,2613.65,2009-04-07,2008-12-25,EAST
10158,78,5000,400000,2468.3,2013-09-07,2013-01-06,EAST
10158,78,5000,400000,2468.3,2013-09-07,2013-02-05,EAST
10158,78,5000,400000,2468.3,2013-09-07,2013-03-07,EAST
10158,78,5000,400000,2468.3,2013-09-07,2013-04-06,EAST
10158,78,5000,400000,2468.3,2013-09-07,2013-05-06,EAST
10159,78,10000,600000,8554.22,2007-02-26,2006-02-04,EAST
10159,78,10000,600000,8554.22,2007-02-26,2006-03-06,EAST
10159,78,10000,600000,8554.22,2007-02-26,2006-04-05,EAST
10159,78,10000,600000,8554.22,2007-02-26,2006-05-05,EAST
10159,78,10000,600000,8554.22,2007-02-26,2006-06-04,EAST
10160,78,7500,1000000,4643.5,2009-08-23,2009-05-07,EAST
10161,79,25000,1000000,18997.85,2013-05-11,2012-03-27,NORTH
10161,79,25000,1000000,18997.85,2013-05-11,2012-04-26,NORTH
10161,79,25000,1000000,18997.85,2013-05-11,2012-05-26,NORTH
10162,80,15000,400000,4509.03,2008-06-20,2007-02-25,SOUTH
10163,80,10000,1000000,4883.96,2017-06-19,2016-08-15,SOUTH
10164,81,15000,300000,4978.38,2011-03-20,2009-11-20,WEST
10164,81,15000,300000,4978.38,2011-03-20,2009-12-20,WEST
10164,81,15000,300000,4978.38,2011-03-20,2010-01-19,WEST
10165,82,25000,600000,14644.47,2021-08-18,2020-06-20,WEST
10165,82,25000,600000,14644.47,2021-08-18,2020-07-20,WEST
10165,82,25000,600000,14644.47,2021-08-18,2020-08-19,WEST
10166,82,5000,200000,1459.31,2015-09-03,2014-05-12,WEST
10166,82,5000,200000,1459.31,2015-09-03,2014-06-11,WEST
10166,82,5000,200000,1459.31,2015-09-03,2014-07-11,WEST
10167,82,10000,800000,2973.1,2016-06-05,2015-10-04,WEST
10168,83,7500,800000,1650.99,2017-04-28,2016-09-25,EAST
10168,83,7500,800000,1650.99,2017-04-28,2016-10-25,EAST
10169,83,25000,800000,17040.83,2010-05-08,2009-12-27,EAST
10169,83,25000,800000,17040.83,2010-05-08,2010-01-26,EAST
10169,83,25000,800000,17040.83,2010-05-08,2010-02-25,EAST
10169,83,25000,800000,17040.83,2010-05-08,2010-03-27,EAST
10169,83,25000,800000,17040.83,2010-05-08,2010-04-26,EAST
10170,84,5000,500000,3670.58,2010-11-03,2009-09-16,SOUTH
10170,84,5000,500000,3670.58,2010-11-03,2009-10-16,SOUTH
10171,84,25000,500000,12546.83,2007-12-20,2006-09-29,SOUTH
10171,84,25000,500000,12546.83,2007-12-20,2006-10-29,SOUTH
10171,84,25000,500000,12546.83,2007-12-20,2006-11-28,SOUTH
10171,84,25000,500000,12546.83,2007-12-20,2006-12-28,SOUTH
10171,84,25000,500000,12546.83,2007-12-20,2007-01-27,SOUTH
10172,85,15000,600000,7925.36,2005-12-25,2005-09-26,WEST
10173,86,20000,200000,5351.05,2007-09-16,2006-06-27,NORTH
10173,86,20000,200000,5351.05,2007-09-16,2006-07-27,NORTH
10174,86,15000,300000,10041.31,2018-12-02,2018-07-01,NORTH
10175,87,10000,600000,4465.42,2008-12-01,2008-04-07,NORTH
10175,87,10000,600000,4465.42,2008-12-01,2008-05-07,NORTH
10175,87,10000,600000,4465.42,2008-12-01,2008-06-06,NORTH
10176,88,15000,200000,11605.66,2010-09-23,2010-06-05,EAST
10176,88,15000,200000,11605.66,2010-09-23,2010-07-05,EAST
10176,88,15000,200000,11605.66,2010-09-23,2010-08-04,EAST
10177,88,20000,300000,6404.83,2017-06-03,2016-11-11,EAST
10177,88,20000,300000,6404.83,2017-06-03,2016-12-11,EAST
10177,88,20000,300000,6404.83,2017-06-03,2017-01-10,EAST
10177,88,20000,300000,6404.83,2017-06-03,2017-02-09,EAST
10177,88,20000,300000,6404.83,2017-06-03,2017-03-11,EAST
10178,88,5000,300000,3979.54,2005-12-20,2005-02-05,EAST
10178,88,5000,300000,3979.54,2005-12-20,2005-03-07,EAST
10178,88,5000,300000,3979.54,2005-12-20,2005-04-06,EAST
10178,88,5000,300000,3979.54,2005-12-20,2005-05-06,EAST
10178,88,5000,300000,3979.54,2005-12-20,2005-06-05,EAST
10179,89,7500,500000,6528.18,2021-10-07,2020-08-29,WEST
10180,89,12500,300000,4491.1,2013-11-04,2012-12-16,WEST
10180,89,12500,300000,4491.1,2013-11-04,2013-01-15,WEST
10180,89,12500,300000,4491.1,2013-11-04,2013-02-14,WEST
10180,89,12500,300000,4491.1,2013-11-04,2013-03-16,WEST
10180,89,12500,300000,4491.1,2013-11-04,2013-04-15,WEST
10181,90,5000,600000,2735.36,2008-02-16,2007-10-10,EAST
10181,90,5000,600000,2735.36,2008-02-16,2007-11-09,EAST
10181,90,5000,600000,2735.36,2008-02-16,2007-12-09,EAST
10181,90,5000,600000,2735.36,2008-02-16,2008-01-08,EAST
10181,90,5000,600000,2735.36,2008-02-16,2008-02-07,EAST
10182,91,5000,200000,2727.99,2018-02-13,2017-07-01,WEST
10182,91,5000,200000,2727.99,2018-02-13,2017-07-31,WEST
10182,91,5000,200000,2727.99,2018-02-13,2017-08-30,WEST
10182,91,5000,200000,2727.99,2018-02-13,2017-09-29,WEST
10182,91,5000,200000,2727.99,2018-02-13,2017-10-29,WEST
10183,91,15000,800000,10213.99,2011-12-18,2011-05-13,WEST
10183,91,15000,800000,10213.99,2011-12-18,2011-06-12,WEST
10183,91,15000,800000,10213.99,2011-12-18,2011-07-12,WEST
10184,92,10000,1000000,3321.49,2018-03-10,2017-06-04,EAST
10184,92,10000,1000000,3321.49,2018-03-10,2017-07-04,EAST
10184,92,10000,1000000,3321.49,2018-03-10,2017-08-03,EAST
10184,92,10000,1000000,3321.49,2018-03-10,2017-09-02,EAST
10184,92,10000,1000000,3321.49,2018-03-10,2017-10-02,EAST
10185,92,10000,300000,8991.06,2015-11-07,2015-09-02,EAST
10185,92,10000,300000,8991.06,2015-11-07,2015-10-02,EAST
10185,92,10000,300000,8991.06,2015-11-07,2015-11-01,EAST
10186,93,15000,800000,3892.56,2015-01-02,2013-11-22,WEST
10187,93,20000,600000,14380.05,2014-03-01,2013-11-09,WEST
10187,93,20000,600000,14380.05,2014-03-01,2013-12-09,WEST
10187,93,20000,600000,14380.05,2014-03-01,2014-01-08,WEST
10187,93,20000,600000,14380.05,2014-03-01,2014-02-07,WEST
10188,94,10000,300000,7908.21,2014-02-26,2013-02-27,NORTH
10189,95,20000,500000,14707.44,2010-10-11,2010-03-23,WEST
10189,95,20000,500000,14707.44,2010-10-11,2010-04-22,WEST
10189,95,20000,500000,14707.44,2010-10-11,2010-05-22,WEST
10190,95,25000,1000000,16267.05,2019-08-09,2018-04-26,WEST
10190,95,25000,1000000,16267.05,2019-08-09,2018-05-26,WEST
10190,95,25000,1000000,16267.05,2019-08-09,2018-06-25,WEST
10190,95,25000,1000000,16267.05,2019-08-09,2018-07-25,WEST
10191,96,15000,500000,8369.85,2016-07-07,2015-09-03,SOUTH
10192,96,5000,400000,2740.46,2016-01-18,2015-03-14,SOUTH
10192,96,5000,400000,2740.46,2016-01-18,2015-04-13,SOUTH
10192,96,5000,400000,2740.46,2016-01-18,2015-05-13,SOUTH
10193,97,20000,200000,4955.2,2006-12-30,2005-09-01,EAST
10193,97,20000,200000,4955.2,2006-12-30,2005-10-01,EAST
10193,97,20000,200000,4955.2,2006-12-30,2005-10-31,EAST
10194,97,15000,800000,4603.73,2009-08-22,2009-01-07,EAST
10195,97,25000,200000,18153.17,2020-01-26,2018-12-24,EAST
10195,97,25000,200000,18153.17,2020-01-26,2019-01-23,EAST
10196,98,20000,500000,11067.13,2010-05-20,2009-07-13,WEST
10197,98,15000,200000,3331.78,2013-12-10,2012-09-15,WEST
10198,99,10000,1000000,5097.89,2014-04-18,2013-08-09,SOUTH
10198,99,10000,1000000,5097.89,2014-04-18,2013-09-08,SOUTH
10198,99,10000,1000000,5097.89,2014-04-18,2013-10-08,SOUTH
10198,99,10000,1000000,5097.89,2014-04-18,2013-11-07,SOUTH
10198,99,10000,1000000,5097.89,2014-04-18,2013-12-07,SOUTH
10199,99,15000,800000,11183.52,2007-02-09,2005-09-27,SOUTH
10200,100,7500,400000,3542.67,2017-03-11,2016-01-10,EAST
10201,100,12500,800000,8497.02,2018-09-13,2017-10-05,EAST
10201,100,12500,800000,8497.02,2018-09-13,2017-11-04,EAST
10201,100,12500,800000,8497.02,2018-09-13,2017-12-04,EAST
10201,100,12500,800000,8497.02,2018-09-13,2018-01-03,EAST
10202,100,15000,1000000,8320.19,2015-12-03,2015-07-16,EAST
10203,101,12500,600000,5586.68,2017-03-17,2016-02-05,NORTH
10203,101,12500,600000,5586.68,2017-03-17,2016-03-06,NORTH
10203,101,12500,600000,5586.68,2017-03-17,2016-04-05,NORTH
10203,101,12500,600000,5586.68,2017-03-17,2016-05-05,NORTH
10204,101,5000,600000,1448.69,2012-06-01,2012-03-10,NORTH
10204,101,5000,600000,1448.69,2012-06-01,2012-04-09,NORTH
10204,101,5000,600000,1448.69,2012-06-01,2012-05-09,NORTH
10205,102,25000,800000,11660.03,2018-09-27,2018-02-05,SOUTH
10205,102,25000,800000,11660.03,2018-09-27,2018-03-07,SOUTH
10205,102,25000,800000,11660.03,2018-09-27,2018-04-06,SOUTH
10205,102,25000,800000,11660.03,2018-09-27,2018-05-06,SOUTH
10206,102,12500,400000,8285.85,2012-12-25,2012-09-28,SOUTH
10206,102,12500,400000,8285.85,2012-12-25,2012-10-28,SOUTH
10206,102,12500,400000,8285.85,2012-12-25,2012-11-27,SOUTH
10206,102,12500,400000,8285.85,2012-12-25,2012-12-27,SOUTH
10206,102,12500,400000,8285.85,2012-12-25,2013-01-26,SOUTH
10207,103,15000,200000,10223.91,2020-12-23,2019-07-16,EAST
10208,104,5000,600000,1130.82,2013-03-11,2012-07-28,EAST
10208,104,5000,600000,1130.82,2013-03-11,2012-08-27,EAST
10208,104,5000,600000,1130.82,2013-03-11,2012-09-26,EAST
10209,104,12500,400000,8589.64,2017-12-07,2017-09-28,EAST
10209,104,12500,400000,8589.64,2017-12-07,2017-10-28,EAST
10210,105,15000,500000,9011.66,2012-09-18,2012-02-06,SOUTH
10210,105,15000,500000,9011.66,2012-09-18,2012-03-07,SOUTH
10210,105,15000,500000,9011.66,2012-09-18,2012-04-06,SOUTH
10210,105,15000,500000,9011.66,2012-09-18,2012-05-06,SOUTH
10210,105,15000,500000,9011.66,2012-09-18,2012-06-05,SOUTH
10211,105,20000,300000,10954.24,2007-11-18,2007-03-31,SOUTH
10211,105,20000,300000,10954.24,2007-11-18,2007-04-30,SOUTH
10211,105,20000,300000,10954.24,2007-11-18,2007-05-30,SOUTH
10211,105,20000,300000,10954.24,2007-11-18,2007-06-29,SOUTH
10211,105,20000,300000,10954.24,2007-11-18,2007-07-29,SOUTH
10212,105,10000,400000,3412.31,2009-07-07,2008-09-27,SOUTH
10212,105,10000,400000,3412.31,2009-07-07,2008-10-27,SOUTH
10213,106,10000,400000,4081.24,2017-04-01,2017-01-07,EAST
10214,106,15000,800000,10535.92,2014-04-24,2014-01-07,EAST
10214,106,15000,800000,10535.92,2014-04-24,2014-02-06,EAST
10214,106,15000,800000,10535.92,2014-04-24,2014-03-08,EAST
10215,106,10000,400000,5965.0,2007-05-21,2007-02-16,EAST
10215,106,10000,400000,5965.0,2007-05-21,2007-03-18,EAST
10216,107,10000,1000000,6560.76,2014-11-07,2014-07-31,EAST
10216,107,10000,1000000,6560.76,2014-11-07,2014-08-30,EAST
10217,107,12500,800000,5241.84,2017-03-29,2016-04-27,EAST
10217,107,12500,800000,5241.84,2017-03-29,2016-05-27,EAST
10217,107,12500,800000,5241.84,2017-03-29,2016-06-26,EAST
10217,107,12500,800000,5241.84,2017-03-29,2016-07-26,EAST
10217,107,12500,800000,5241.84,2017-03-29,2016-08-25,EAST
10218,107,15000,600000,10051.38,2014-10-28,2014-01-09,EAST
10219,108,20000,600000,6611.55,2006-10-16,2005-06-02,SOUTH
10220,108,25000,800000,9688.88,2010-08-06,2009-10-11,SOUTH
10220,108,25000,800000,9688.88,2010-08-06,2009-11-10,SOUTH
10220,108,25000,800000,9688.88,2010-08-06,2009-12-10,SOUTH
10220,108,25000,800000,9688.88,2010-08-06,2010-01-09,SOUTH
10221,108,15000,800000,3628.76,2019-10-28,2018-10-13,SOUTH
10221,108,15000,800000,3628.76,2019-10-28,2018-11-12,SOUTH
10222,109,7500,300000,5097.86,2016-08-01,2015-05-17,NORTH
10222,109,7500,300000,5097.86,2016-08-01,2015-06-16,NORTH
10223,110,25000,1000000,6127.48,2015-08-23,2014-03-15,WEST
10223,110,25000,1000000,6127.48,2015-08-23,2014-04-14,WEST
10224,110,25000,400000,7810.23,2015-04-27,2014-04-02,WEST
10224,110,25000,400000,7810.23,2015-04-27,2014-05-02,WEST
10224,110,25000,400000,7810.23,2015-04-27,2014-06-01,WEST
10224,110,25000,400000,7810.23,2015-04-27,2014-07-01,WEST
10224,110,25000,400000,7810.23,2015-04-27,2014-07-31,WEST
10225,111,7500,200000,2507.56,2010-09-02,2010-04-19,NORTH
10225,111,7500,200000,2507.56,2010-09-02,2010-05-19,NORTH
10226,111,12500,600000,6192.67,2012-09-27,2011-12-19,NORTH
10226,111,12500,600000,6192.67,2012-09-27,2012-01-18,NORTH
10226,111,12500,600000,6192.67,2012-09-27,2012-02-17,NORTH
10226,111,12500,600000,6192.67,2012-09-27,2012-03-18,NORTH
10227,111,10000,300000,3808.78,2009-09-25,2009-07-13,NORTH
10228,112,25000,200000,13502.23,2010-02-14,2008-12-12,NORTH
10228,112,25000,200000,13502.23,2010-02-14,2009-01-11,NORTH
10228,112,25000,200000,13502.23,2010-02-14,2009-02-10,NORTH
10228,112,25000,200000,13502.23,2010-02-14,2009-03-12,NORTH
10228,112,25000,200000,13502.23,2010-02-14,2009-04-11,NORTH
10229,112,10000,600000,8070.2,2006-10-28,2006-03-30,NORTH
10229,112,10000,600000,8070.2,2006-10-28,2006-04-29,NORTH
10229,112,10000,600000,8070.2,2006-10-28,2006-05-29,NORTH
10230,113,5000,500000,3534.82,2021-05-28,2020-01-25,SOUTH
10230,113,5000,500000,3534.82,2021-05-28,2020-02-24,SOUTH
10230,113,5000,500000,3534.82,2021-05-28,2020-03-25,SOUTH
10230,113,5000,500000,3534.82,2021-05-28,2020-04-24,SOUTH
10230,113,5000,500000,3534.82,2021-05-28,2020-05-24,SOUTH
10231,113,15000,800000,12795.82,2011-02-28,2010-04-18,SOUTH
10231,113,15000,800000,12795.82,2011-02-28,2010-05-18,SOUTH
10232,114,12500,200000,7748.44,2017-04-11,2016-10-12,SOUTH
10232,114,12500,200000,7748.44,2017-04-11,2016-11-11,SOUTH
10232,114,12500,200000,7748.44,2017-04-11,2016-12-11,SOUTH
10232,114,12500,200000,7748.44,2017-04-11,2017-01-10,SOUTH
10233,114,20000,500000,14477.24,2013-09-05,2012-05-21,SOUTH
10233,114,20000,500000,14477.24,2013-09-05,2012-06-20,SOUTH
10233,114,20000,500000,14477.24,2013-09-05,2012-07-20,SOUTH
10233,114,20000,500000,14477.24,2013-09-05,2012-08-19,SOUTH
10233,114,20000,500000,14477.24,2013-09-05,2012-09-18,SOUTH
10234,114,7500,200000,2624.07,2014-11-23,2014-06-27,SOUTH
10234,114,7500,200000,2624.07,2014-11-23,2014-07-27,SOUTH
10235,115,25000,600000,13581.28,2014-05-27,2014-02-28,EAST
10236,115,10000,600000,5323.98,2021-06-13,2020-09-10,EAST
10236,115,10000,600000,5323.98,2021-06-13,2020-10-10,EAST
10236,115,10000,600000,5323.98,2021-06-13,2020-11-09,EAST
10236,115,10000,600000,5323.98,2021-06-13,2020-12-09,EAST
10237,116,12500,800000,9686.95,2008-12-06,2008-04-02,SOUTH
10237,116,12500,800000,9686.95,2008-12-06,2008-05-02,SOUTH
10238,117,20000,1000000,13669.55,2006-01-08,2005-10-13,EAST
10238,117,20000,1000000,13669.55,2006-01-08,2005-11-12,EAST
10238,117,20000,1000000,13669.55,2006-01-08,2005-12-12,EAST
10238,117,20000,1000000,13669.55,2006-01-08,2006-01-11,EAST
10238,117,20000,1000000,13669.55,2006-01-08,2006-02-10,EAST
10239,118,12500,400000,10886.73,2011-09-26,2010-09-04,EAST
10239,118,12500,400000,10886.73,2011-09-26,2010-10-04,EAST
10239,118,12500,400000,10886.73,2011-09-26,2010-11-03,EAST
10239,118,12500,400000,10886.73,2011-09-26,2010-12-03,EAST
10240,118,15000,1000000,12005.29,2020-11-12,2020-05-15,EAST
10240,118,15000,1000000,12005.29,2020-11-12,2020-06-14,EAST
10241,118,10000,400000,8554.26,2005-06-20,2005-03-06,EAST
10241,118,10000,400000,8554.26,2005-06-20,2005-04-05,EAST
10241,118,10000,400000,8554.26,2005-06-20,2005-05-05,EAST
10241,118,10000,400000,8554.26,2005-06-20,2005-06-04,EAST
10241,118,10000,400000,8554.26,2005-06-20,2005-07-04,EAST
10242,119,12500,800000,10195.34,2010-04-30,2009-09-20,NORTH
10242,119,12500,800000,10195.34,2010-04-30,2009-10-20,NORTH
10242,119,12500,800000,10195.34,2010-04-30,2009-11-19,NORTH
10243,120,25000,200000,18640.49,2007-01-29,2005-10-05,WEST
10243,120,25000,200000,18640.49,2007-01-29,2005-11-04,WEST
10243,120,25000,200000,18640.49,2007-01-29,2005-12-04,WEST
10244,120,12500,1000000,8777.13,2016-03-13,2015-07-27,WEST
10244,120,12500,1000000,8777.13,2016-03-13,2015-08-26,WEST
10245,120,10000,600000,4462.99,2008-11-07,2008-08-06,WEST
10245,120,10000,600000,4462.99,2008-11-07,2008-09-05,WEST
10245,120,10000,600000,4462.99,2008-11-07,2008-10-05,WEST
10245,120,10000,600000,4462.99,2008-11-07,2008-11-04,WEST
10246,121,20000,200000,4729.38,2013-07-24,2012-04-30,WEST
10246,121,20000,200000,4729.38,2013-07-24,2012-05-30,WEST
10246,121,20000,200000,4729.38,2013-07-24,2012-06-29,WEST
10246,121,20000,200000,4729.38,2013-07-24,2012-07-29,WEST
10246,121,20000,200000,4729.38,2013-07-24,2012-08-28,WEST
10247,121,25000,800000,5053.83,2019-06-28,2019-02-19,WEST
10247,121,25000,800000,5053.83,2019-06-28,2019-03-21,WEST
10247,121,25000,800000,5053.83,2019-06-28,2019-04-20,WEST
10247,121,25000,800000,5053.83,2019-06-28,2019-05-20,WEST
10248,121,10000,600000,2775.8,2019-05-17,2019-02-04,WEST
10248,121,10000,600000,2775.8,2019-05-17,2019-03-06,WEST
10248,121,10000,600000,2775.8,2019-05-17,2019-04-05,WEST
10248,121,10000,600000,2775.8,2019-05-17,2019-05-05,WEST
10248,121,10000,600000,2775.8,2019-05-17,2019-06-04,WEST
10249,122,25000,600000,12180.53,2020-09-08,2019-07-25,WEST
10249,122,25000,600000,12180.53,2020-09-08,2019-08-24,WEST
10249,122,25000,600000,12180.53,2020-09-08,2019-09-23,WEST
10250,123,7500,400000,5109.2,2016-02-19,2015-09-24,SOUTH
10250,123,7500,400000,5109.2,2016-02-19,2015-10-24,SOUTH
10250,123,7500,400000,5109.2,2016-02-19,2015-11-23,SOUTH
10251,123,5000,500000,1636.61,2012-01-01,2011-04-28,SOUTH
10251,123,5000,500000,1636.61,2012-01-01,2011-05-28,SOUTH
10252,124,5000,600000,3142.01,2011-02-08,2010-01-13,NORTH
10252,124,5000,600000,3142.01,2011-02-08,2010-02-12,NORTH
10252,124,5000,600000,3142.01,2011-02-08,2010-03-14,NORTH
10252,124,5000,600000,3142.01,2011-02-08,2010-04-13,NORTH
10252,124,5000,600000,3142.01,2011-02-08,2010-05-13,NORTH
10253,124,7500,400000,5972.11,2008-02-22,2006-12-30,NORTH
10254,125,15000,400000,3935.14,2019-03-27,2018-11-11,EAST
10254,125,15000,400000,3935.14,2019-03-27,2018-12-11,EAST
10254,125,15000,400000,3935.14,2019-03-27,2019-01-10,EAST
10254,125,15000,400000,3935.14,2019-03-27,2019-02-09,EAST
10255,126,5000,800000,2523.06,2018-08-16,2017-09-21,NORTH
10255,126,5000,800000,2523.06,2018-08-16,2017-10-21,NORTH
10255,126,5000,800000,2523.06,2018-08-16,2017-11-20,NORTH
10256,126,5000,300000,1711.01,2021-04-10,2020-02-10,NORTH
10256,126,5000,300000,1711.01,2021-04-10,2020-03-11,NORTH
10256,126,5000,300000,1711.01,2021-04-10,2020-04-10,NORTH
10256,126,5000,300000,1711.01,2021-04-10,2020-05-10,NORTH
10256,126,5000,300000,1711.01,2021-04-10,2020-06-09,NORTH
10257,127,7500,500000,2584.68,2017-06-13,2016-02-01,WEST
10257,127,7500,500000,2584.68,2017-06-13,2016-03-02,WEST
10257,127,7500,500000,2584.68,2017-06-13,2016-04-01,WEST
10257,127,7500,500000,2584.68,2017-06-13,2016-05-01,WEST
10258,127,20000,300000,6525.18,2012-02-06,2011-05-08,WEST
10259,128,7500,600000,6263.47,2012-04-21,2011-07-06,NORTH
10260,129,12500,200000,6602.71,2020-07-11,2020-05-07,EAST
10260,129,12500,200000,6602.71,2020-07-11,2020-06-06,EAST
10260,129,12500,200000,6602.71,2020-07-11,2020-07-06,EAST
10260,129,12500,200000,6602.71,2020-07-11,2020-08-05,EAST
10261,129,20000,300000,9368.94,2021-09-16,2020-07-18,EAST
10261,129,20000,300000,9368.94,2021-09-16,2020-08-17,EAST
10261,129,20000,300000,9368.94,2021-09-16,2020-09-16,EAST
10261,129,20000,300000,9368.94,2021-09-16,2020-10-16,EAST
10261,129,20000,300000,9368.94,2021-09-16,2020-11-15,EAST
10262,130,5000,600000,1182.39,2010-12-30,2010-10-01,NORTH
10262,130,5000,600000,1182.39,2010-12-30,2010-10-31,NORTH
10263,130,15000,800000,9281.44,2016-11-06,2015-07-25,NORTH
10263,130,15000,800000,9281.44,2016-11-06,2015-08-24,NORTH
10263,130,15000,800000,9281.44,2016-11-06,2015-09-23,NORTH
10264,131,15000,600000,6176.33,2005-10-26,2005-02-13,NORTH
10264,131,15000,600000,6176.33,2005-10-26,2005-03-15,NORTH
10265,131,7500,600000,4547.56,2020-04-11,2020-01-21,NORTH
10265,131,7500,600000,4547.56,2020-04-11,2020-02-20,NORTH
10265,131,7500,600000,4547.56,2020-04-11,2020-03-21,NORTH
10265,131,7500,600000,4547.56,2020-04-11,2020-04-20,NORTH
10265,131,7500,600000,4547.56,2020-04-11,2020-05-20,NORTH
10266,131,12500,400000,6595.74,2010-03-16,2008-10-23,NORTH
10266,131,12500,400000,6595.74,2010-03-16,2008-11-22,NORTH
10267,132,12500,300000,3522.37,2021-06-17,2020-12-06,EAST
10267,132,12500,300000,3522.37,2021-06-17,2021-01-05,EAST
10267,132,12500,300000,3522.37,2021-06-17,2021-02-04,EAST
10267,132,12500,300000,3522.37,2021-06-17,2021-03-06,EAST
10267,132,12500,300000,3522.37,2021-06-17,2021-04-05,EAST
10268,133,20000,400000,7960.96,2016-12-18,2016-03-13,NORTH
10269,134,10000,500000,3154.89,2012-05-01,2010-12-01,NORTH
10269,134,10000,500000,3154.89,2012-05-01,2010-12-31,NORTH
10270,134,25000,800000,18968.85,2009-06-13,2008-05-24,NORTH
10270,134,25000,800000,18968.85,2009-06-13,2008-06-23,NORTH
10271,135,7500,300000,3968.8,2008-07-19,2008-05-02,NORTH
10272,136,12500,200000,5619.55,2015-07-29,2014-10-16,NORTH
10272,136,12500,200000,5619.55,2015-07-29,2014-11-15,NORTH
10273,137,12500,200000,8797.93,2017-03-26,2015-11-19,SOUTH
10273,137,12500,200000,8797.93,2017-03-26,2015-12-19,SOUTH
10274,137,5000,300000,1994.41,2009-02-25,2007-10-10,SOUTH
10275,137,15000,800000,5230.16,2017-05-24,2016-05-30,SOUTH
10276,138,12500,200000,9222.22,2018-04-24,2017-10-20,WEST
10276,138,12500,200000,9222.22,2018-04-24,2017-11-19,WEST
10276,138,12500,200000,9222.22,2018-04-24,2017-12-19,WEST
10276,138,12500,200000,9222.22,2018-04-24,2018-01-18,WEST
10277,139,10000,800000,2853.94,2013-06-28,2012-05-16,NORTH
10277,139,10000,800000,2853.94,2013-06-28,2012-06-15,NORTH
10278,139,25000,400000,5505.3,2018-08-15,2018-03-30,NORTH
10278,139,25000,400000,5505.3,2018-08-15,2018-04-29,NORTH
10279,139,12500,500000,10858.01,2021-12-01,2020-11-15,NORTH
10279,139,12500,500000,10858.01,2021-12-01,2020-12-15,NORTH
10279,139,12500,500000,10858.01,2021-12-01,2021-01-14,NORTH
10280,140,20000,600000,8548.82,2013-03-09,2012-05-22,WEST
10281,140,25000,200000,16263.77,2009-03-10,2007-11-26,WEST
10281,140,25000,200000,16263.77,2009-03-10,2007-12-26,WEST
10281,140,25000,200000,16263.77,2009-03-10,2008-01-25,WEST
10281,140,25000,200000,16263.77,2009-03-10,2008-02-24,WEST
10281,140,25000,200000,16263.77,2009-03-10,2008-03-25,WEST
10282,140,5000,600000,2334.87,2007-04-03,2006-03-31,WEST
10283,141,25000,1000000,6560.8,2009-09-19,2008-12-29,WEST
10283,141,25000,1000000,6560.8,2009-09-19,2009-01-28,WEST
10284,141,25000,500000,16325.44,2009-03-20,2008-08-27,WEST
10285,142,12500,1000000,8939.03,2008-06-22,2007-09-15,EAST
10286,142,7500,400000,2004.59,2021-06-17,2020-05-13,EAST
10286,142,7500,400000,2004.59,2021-06-17,2020-06-12,EAST
10286,142,7500,400000,2004.59,2021-06-17,2020-07-12,EAST
10286,142,7500,400000,2004.59,2021-06-17,2020-08-11,EAST
10287,142,12500,500000,5895.78,2017-11-26,2016-07-01,EAST
10288,143,5000,1000000,3838.48,2019-03-22,2018-06-19,EAST
10288,143,5000,1000000,3838.48,2019-03-22,2018-07-19,EAST
10288,143,5000,1000000,3838.48,2019-03-22,2018-08-18,EAST
10289,143,20000,500000,4566.13,2009-06-22,2009-03-07,EAST
10289,143,20000,500000,4566.13,2009-06-22,2009-04-06,EAST
10290,144,20000,800000,6170.98,2021-05-03,2020-03-04,NORTH
10290,144,20000,800000,6170.98,2021-05-03,2020-04-03,NORTH
10290,144,20000,800000,6170.98,2021-05-03,2020-05-03,NORTH
10290,144,20000,800000,6170.98,2021-05-03,2020-06-02,NORTH
10291,144,20000,600000,8069.84,2017-02-08,2016-10-29,NORTH
10291,144,20000,600000,8069.84,2017-02-08,2016-11-28,NORTH
10292,145,7500,300000,6240.24,2016-11-01,2015-09-18,SOUTH
10292,145,7500,300000,6240.24,2016-11-01,2015-10-18,SOUTH
10293,145,10000,600000,5856.96,2016-12-18,2016-09-25,SOUTH
10294,146,12500,500000,6565.74,2007-09-17,2007-06-01,SOUTH
10294,146,12500,500000,6565.74,2007-09-17,2007-07-01,SOUTH
10294,146,12500,500000,6565.74,2007-09-17,2007-07-31,SOUTH
10295,147,10000,600000,7380.53,2010-12-17,2010-09-07,NORTH
10295,147,10000,600000,7380.53,2010-12-17,2010-10-07,NORTH
10295,147,10000,600000,7380.53,2010-12-17,2010-11-06,NORTH
10296,147,20000,500000,15006.48,2007-12-21,2007-07-23,NORTH
10296,147,20000,500000,15006.48,2007-12-21,2007-08-22,NORTH
10296,147,20000,500000,15006.48,2007-12-21,2007-09-21,NORTH
10296,147,20000,500000,15006.48,2007-12-21,2007-10-21,NORTH
10297,147,12500,800000,5247.03,2006-08-06,2006-01-06,NORTH
10297,147,12500,800000,5247.03,2006-08-06,2006-02-05,NORTH
10297,147,12500,800000,5247.03,2006-08-06,2006-03-07,NORTH
10297,147,12500,800000,5247.03,2006-08-06,2006-04-06,NORTH
10298,148,15000,1000000,6584.01,2020-07-26,2020-01-13,EAST
10298,148,15000,1000000,6584.01,2020-07-26,2020-02-12,EAST
10298,148,15000,1000000,6584.01,2020-07-26,2020-03-13,EAST
10298,148,15000,1000000,6584.01,2020-07-26,2020-04-12,EAST
10298,148,15000,1000000,6584.01,2020-07-26,2020-05-12,EAST
10299,148,5000,800000,1907.61,2010-09-30,2009-09-26,EAST
10299,148,5000,800000,1907.61,2010-09-30,2009-10-26,EAST
10299,148,5000,800000,1907.61,2010-09-30,2009-11-25,EAST
10300,148,5000,200000,1408.37,2015-06-13,2014-09-24,EAST
10300,148,5000,200000,1408.37,2015-06-13,2014-10-24,EAST
10300,148,5000,200000,1408.37,2015-06-13,2014-11-23,EAST
10300,148,5000,200000,1408.37,2015-06-13,2014-12-23,EAST
10301,149,12500,1000000,10950.78,2016-05-28,2015-04-28,EAST
10301,149,12500,1000000,10950.78,2016-05-28,2015-05-28,EAST
10302,150,25000,600000,17086.59,2012-06-17,2011-10-17,WEST
10302,150,25000,600000,17086.59,2012-06-17,2011-11-16,WEST
10303,150,7500,300000,2501.71,2011-12-22,2011-10-16,WEST
10303,150,7500,300000,2501.71,2011-12-22,2011-11-15,WEST
10304,150,25000,200000,13419.55,2021-01-25,2020-08-11,WEST
10304,150,25000,200000,13419.55,2021-01-25,2020-09-10,WEST
10304,150,25000,200000,13419.55,2021-01-25,2020-10-10,WEST
10304,150,25000,200000,13419.55,2021-01-25,2020-11-09,WEST
10305,151,25000,1000000,8341.0,2015-09-10,2014-10-10,WEST
10305,151,25000,1000000,8341.0,2015-09-10,2014-11-09,WEST
10305,151,25000,1000000,8341.0,2015-09-10,2014-12-09,WEST
10306,152,12500,200000,3953.42,2008-08-25,2008-04-28,NORTH
10306,152,12500,200000,3953.42,2008-08-25,2008-05-28,NORTH
10307,152,12500,500000,10023.22,2020-12-13,2020-10-04,NORTH
10307,152,12500,500000,10023.22,2020-12-13,2020-11-03,NORTH
10308,153,15000,1000000,7113.2,2010-11-06,2009-07-08,EAST
10308,153,15000,1000000,7113.2,2010-11-06,2009-08-07,EAST
10308,153,15000,1000000,7113.2,2010-11-06,2009-09-06,EAST
10308,153,15000,1000000,7113.2,2010-11-06,2009-10-06,EAST
10309,153,20000,1000000,10045.03,2006-05-05,2005-03-06,EAST
10309,153,20000,1000000,10045.03,2006-05-05,2005-04-05,EAST
10309,153,20000,1000000,10045.03,2006-05-05,2005-05-05,EAST
10309,153,20000,1000000,10045.03,2006-05-05,2005-06-04,EAST
10310,153,15000,600000,8820.2,2017-04-22,2016-02-13,EAST
10310,153,15000,600000,8820.2,2017-04-22,2016-03-14,EAST
10310,153,15000,600000,8820.2,2017-04-22,2016-04-13,EAST
10311,154,12500,600000,8840.37,2016-12-04,2015-12-08,SOUTH
10311,154,12500,600000,8840.37,2016-12-04,2016-01-07,SOUTH
10311,154,12500,600000,8840.37,2016-12-04,2016-02-06,SOUTH
10311,154,12500,600000,8840.37,2016-12-04,2016-03-07,SOUTH
10312,154,5000,600000,2477.02,2010-05-23,2010-03-15,SOUTH
10313,155,20000,500000,10626.73,2007-11-02,2006-06-05,WEST
10313,155,20000,500000,10626.73,2007-11-02,2006-07-05,WEST
10313,155,20000,500000,10626.73,2007-11-02,2006-08-04,WEST
10314,155,10000,500000,5053.61,2020-02-10,2018-12-20,WEST
10315,156,10000,500000,5553.45,2009-10-19,2009-04-24,SOUTH
10315,156,10000,500000,5553.45,2009-10-19,2009-05-24,SOUTH
10315,156,10000,500000,5553.45,2009-10-19,2009-06-23,SOUTH
10315,156,10000,500000,5553.45,2009-10-19,2009-07-23,SOUTH
10316,157,20000,500000,16364.43,2018-11-08,2018-07-04,EAST
10316,157,20000,500000,16364.43,2018-11-08,2018-08-03,EAST
10316,157,20000,500000,16364.43,2018-11-08,2018-09-02,EAST
10316,157,20000,500000,16364.43,2018-11-08,2018-10-02,EAST
10317,157,20000,800000,15143.62,2015-01-07,2014-05-08,EAST
10317,157,20000,800000,15143.62,2015-01-07,2014-06-07,EAST
10318,157,10000,800000,2603.34,2020-02-29,2018-12-13,EAST
10319,158,7500,600000,2029.74,2009-09-27,2008-11-20,SOUTH
10320,158,7500,300000,1747.01,2017-01-07,2016-01-28,SOUTH
10320,158,7500,300000,1747.01,2017-01-07,2016-02-27,SOUTH
10320,158,7500,300000,1747.01,2017-01-07,2016-03-28,SOUTH
10320,158,7500,300000,1747.01,2017-01-07,2016-04-27,SOUTH
10321,159,20000,300000,15591.28,2011-04-05,2010-11-07,NORTH
10321,159,20000,300000,15591.28,2011-04-05,2010-12-07,NORTH
10321,159,20000,300000,15591.28,2011-04-05,2011-01-06,NORTH
10321,159,20000,300000,15591.28,2011-04-05,2011-02-05,NORTH
10321,159,20000,300000,15591.28,2011-04-05,2011-03-07,NORTH
10322,160,12500,200000,4483.54,2007-06-17,2006-06-06,WEST
10322,160,12500,200000,4483.54,2007-06-17,2006-07-06,WEST
10322,160,12500,200000,4483.54,2007-06-17,2006-08-05,WEST
10323,160,10000,400000,4486.69,2011-04-16,2010-01-10,WEST
10323,160,10000,400000,4486.69,2011-04-16,2010-02-09,WEST
10324,160,7500,1000000,6086.9,2018-08-17,2017-06-30,WEST
10324,160,7500,1000000,6086.9,2018-08-17,2017-07-30,WEST
10324,160,7500,1000000,6086.9,2018-08-17,2017-08-29,WEST
10324,160,7500,1000000,6086.9,2018-08-17,2017-09-28,WEST
10325,161,12500,1000000,10923.16,2021-08-25,2020-11-04,SOUTH
10326,161,15000,1000000,12947.53,2008-09-28,2007-05-18,SOUTH
10326,161,15000,1000000,12947.53,2008-09-28,2007-06-17,SOUTH
10326,161,15000,1000000,12947.53,2008-09-28,2007-07-17,SOUTH
10327,161,5000,300000,1413.21,2006-12-27,2005-12-10,SOUTH
10327,161,5000,300000,1413.21,2006-12-27,2006-01-09,SOUTH
10328,162,10000,800000,7333.75,2009-04-22,2008-07-10,NORTH
10328,162,10000,800000,7333.75,2009-04-22,2008-08-09,NORTH
10328,162,10000,800000,7333.75,2009-04-22,2008-09-08,NORTH
10329,163,10000,400000,2964.41,2009-10-09,2008-06-17,EAST
10329,163,10000,400000,2964.41,2009-10-09,2008-07-17,EAST
10329,163,10000,400000,2964.41,2009-10-09,2008-08-16,EAST
10330,163,25000,1000000,9293.03,2015-01-09,2014-11-07,EAST
10330,163,25000,1000000,9293.03,2015-01-09,2014-12-07,EAST
10331,164,7500,200000,3455.29,2011-12-21,2011-06-08,SOUTH
10331,164,7500,200000,3455.29,2011-12-21,2011-07-08,SOUTH
10331,164,7500,200000,3455.29,2011-12-21,2011-08-07,SOUTH
10331,164,7500,200000,3455.29,2011-12-21,2011-09-06,SOUTH
10332,164,20000,300000,14544.89,2013-06-19,2013-02-02,SOUTH
10333,165,25000,500000,21065.35,2010-11-11,2010-02-13,WEST
10333,165,25000,500000,21065.35,2010-11-11,2010-03-15,WEST
10333,165,25000,500000,21065.35,2010-11-11,2010-04-14,WEST
10333,165,25000,500000,21065.35,2010-11-11,2010-05-14,WEST
10334,165,10000,200000,3019.09,2017-05-12,2016-07-30,WEST
10334,165,10000,200000,3019.09,2017-05-12,2016-08-29,WEST
10334,165,10000,200000,3019.09,2017-05-12,2016-09-28,WEST
10334,165,10000,200000,3019.09,2017-05-12,2016-10-28,WEST
10334,165,10000,200000,3019.09,2017-05-12,2016-11-27,WEST
10335,165,5000,400000,2405.78,2017-03-18,2016-08-09,WEST
10336,166,25000,200000,21144.08,2007-06-21,2006-05-19,WEST
10336,166,25000,200000,21144.08,2007-06-21,2006-06-18,WEST
10336,166,25000,200000,21144.08,2007-06-21,2006-07-18,WEST
10336,166,25000,200000,21144.08,2007-06-21,2006-08-17,WEST
10336,166,25000,200000,21144.08,2007-06-21,2006-09-16,WEST
10337,167,20000,1000000,16261.39,2007-05-22,2006-04-19,NORTH
10337,167,20000,1000000,16261.39,2007-05-22,2006-05-19,NORTH
10337,167,20000,1000000,16261.39,2007-05-22,2006-06-18,NORTH
10337,167,20000,1000000,16261.39,2007-05-22,2006-07-18,NORTH
10338,168,20000,600000,8260.52,2015-05-29,2014-01-07,NORTH
10338,168,20000,600000,8260.52,2015-05-29,2014-02-06,NORTH
10338,168,20000,600000,8260.52,2015-05-29,2014-03-08,NORTH
10339,168,25000,400000,14236.36,2014-02-22,2012-09-20,NORTH
10339,168,25000,400000,14236.36,2014-02-22,2012-10-20,NORTH
10339,168,25000,400000,14236.36,2014-02-22,2012-11-19,NORTH
10340,169,7500,600000,5638.79,2016-01-18,2015-01-04,SOUTH
10340,169,7500,600000,5638.79,2016-01-18,2015-02-03,SOUTH
10341,170,25000,1000000,12078.85,2021-09-19,2020-08-23,SOUTH
10341,170,25000,1000000,12078.85,2021-09-19,2020-09-22,SOUTH
10341,170,25000,1000000,12078.85,2021-09-19,2020-10-22,SOUTH
10341,170,25000,1000000,12078.85,2021-09-19,2020-11-21,SOUTH
10342,170,5000,600000,2364.98,2012-05-25,2011-10-07,SOUTH
10342,170,5000,600000,2364.98,2012-05-25,2011-11-06,SOUTH
10343,170,10000,300000,5581.7,2016-12-19,2016-09-03,SOUTH
10343,170,10000,300000,5581.7,2016-12-19,2016-10-03,SOUTH
10343,170,10000,300000,5581.7,2016-12-19,2016-11-02,SOUTH
10344,171,7500,200000,6174.18,2012-11-05,2012-08-23,WEST
10344,171,7500,200000,6174.18,2012-11-05,2012-09-22,WEST
10344,171,7500,200000,6174.18,2012-11-05,2012-10-22,WEST
10344,171,7500,200000,6174.18,2012-11-05,2012-11-21,WEST
10345,171,7500,1000000,3095.7,2019-07-16,2018-04-16,WEST
10345,171,7500,1000000,3095.7,2019-07-16,2018-05-16,WEST
10345,171,7500,1000000,3095.7,2019-07-16,2018-06-15,WEST
10345,171,7500,1000000,3095.7,2019-07-16,2018-07-15,WEST
10346,172,5000,1000000,1909.15,2008-02-29,2007-06-24,SOUTH
10346,172,5000,1000000,1909.15,2008-02-29,2007-07-24,SOUTH
10346,172,5000,1000000,1909.15,2008-02-29,2007-08-23,SOUTH
10347,172,5000,1000000,4294.7,2014-01-10,2012-12-13,SOUTH
10347,172,5000,1000000,4294.7,2014-01-10,2013-01-12,SOUTH
10348,173,5000,500000,4440.33,2018-06-24,2017-11-03,SOUTH
10348,173,5000,500000,4440.33,2018-06-24,2017-12-03,SOUTH
10348,173,5000,500000,4440.33,2018-06-24,2018-01-02,SOUTH
10348,173,5000,500000,4440.33,2018-06-24,2018-02-01,SOUTH
10349,173,20000,800000,15822.94,2018-08-07,2017-09-08,SOUTH
10349,173,20000,800000,15822.94,2018-08-07,2017-10-08,SOUTH
10350,174,20000,1000000,14007.96,2013-01-07,2011-09-18,EAST
10350,174,20000,1000000,14007.96,2013-01-07,2011-10-18,EAST
10350,174,20000,1000000,14007.96,2013-01-07,2011-11-17,EAST
10350,174,20000,1000000,14007.96,2013-01-07,2011-12-17,EAST
10351,175,20000,300000,8589.86,2013-10-12,2013-06-21,WEST
10351,175,20000,300000,8589.86,2013-10-12,2013-07-21,WEST
10352,175,12500,200000,8726.85,2009-09-09,2009-04-27,WEST
10353,175,5000,500000,1455.22,2008-03-31,2006-11-03,WEST
10353,175,5000,500000,1455.22,2008-03-31,2006-12-03,WEST
10354,176,20000,600000,12235.35,2007-06-25,2006-10-02,NORTH
10354,176,20000,600000,12235.35,2007-06-25,2006-11-01,NORTH
10354,176,20000,600000,12235.35,2007-06-25,2006-12-01,NORTH
10354,176,20000,600000,12235.35,2007-06-25,2006-12-31,NORTH
10355,177,12500,800000,11219.48,2011-09-03,2010-12-01,EAST
10355,177,12500,800000,11219.48,2011-09-03,2010-12-31,EAST
10355,177,12500,800000,11219.48,2011-09-03,2011-01-30,EAST
10355,177,12500,800000,11219.48,2011-09-03,2011-03-01,EAST
10356,177,7500,600000,4045.01,2014-09-11,2014-05-09,EAST
10356,177,7500,600000,4045.01,2014-09-11,2014-06-08,EAST
10357,177,15000,1000000,4239.61,2008-10-21,2007-11-26,EAST
10357,177,15000,1000000,4239.61,2008-10-21,2007-12-26,EAST
10357,177,15000,1000000,4239.61,2008-10-21,2008-01-25,EAST
10357,177,15000,1000000,4239.61,2008-10-21,2008-02-24,EAST
10357,177,15000,1000000,4239.61,2008-10-21,2008-03-25,EAST
10358,178,20000,300000,9170.65,2016-07-25,2015-08-14,WEST
10358,178,20000,300000,9170.65,2016-07-25,2015-09-13,WEST
10358,178,20000,300000,9170.65,2016-07-25,2015-10-13,WEST
10358,178,20000,300000,9170.65,2016-07-25,2015-11-12,WEST
10358,178,20000,300000,9170.65,2016-07-25,2015-12-12,WEST
10359,179,5000,400000,2013.57,2015-02-17,2014-03-02,WEST
10359,179,5000,400000,2013.57,2015-02-17,2014-04-01,WEST
10360,180,10000,400000,4057.87,2008-03-25,2007-08-23,EAST
10361,180,25000,600000,5851.39,2008-12-16,2008-03-16,EAST
10361,180,25000,600000,5851.39,2008-12-16,2008-04-15,EAST
10361,180,25000,600000,5851.39,2008-12-16,2008-05-15,EAST
10362,180,7500,1000000,4066.17,2012-07-23,2011-05-12,EAST
10362,180,7500,1000000,4066.17,2012-07-23,2011-06-11,EAST
10362,180,7500,1000000,4066.17,2012-07-23,2011-07-11,EAST
10363,181,25000,200000,13420.59,2013-07-27,2012-10-27,WEST
10363,181,25000,200000,13420.59,2013-07-27,2012-11-26,WEST
10363,181,25000,200000,13420.59,2013-07-27,2012-12-26,WEST
10363,181,25000,200000,13420.59,2013-07-27,2013-01-25,WEST
10363,181,25000,200000,13420.59,2013-07-27,2013-02-24,WEST
10364,182,25000,500000,19603.05,2015-12-23,2015-02-23,SOUTH
10364,182,25000,500000,19603.05,2015-12-23,2015-03-25,SOUTH
10364,182,25000,500000,19603.05,2015-12-23,2015-04-24,SOUTH
10365,182,15000,800000,10997.63,2008-10-14,2007-12-24,SOUTH
10366,183,10000,200000,6373.39,2009-08-17,2008-05-05,WEST
10366,183,10000,200000,6373.39,2009-08-17,2008-06-04,WEST
10366,183,10000,200000,6373.39,2009-08-17,2008-07-04,WEST
10367,183,7500,500000,4340.22,2014-10-29,2014-03-10,WEST
10367,183,7500,500000,4340.22,2014-10-29,2014-04-09,WEST
10367,183,7500,500000,4340.22,2014-10-29,2014-05-09,WEST
10367,183,7500,500000,4340.22,2014-10-29,2014-06-08,WEST
10367,183,7500,500000,4340.22,2014-10-29,2014-07-08,WEST
10368,183,5000,1000000,3475.23,2011-08-14,2011-03-23,WEST
10368,183,5000,1000000,3475.23,2011-08-14,2011-04-22,WEST
10368,183,5000,1000000,3475.23,2011-08-14,2011-05-22,WEST
10369,184,5000,800000,1298.03,2018-07-14,2017-08-02,NORTH
10369,184,5000,800000,1298.03,2018-07-14,2017-09-01,NORTH
10369,184,5000,800000,1298.03,2018-07-14,2017-10-01,NORTH
10369,184,5000,800000,1298.03,2018-07-14,2017-10-31,NORTH
10370,184,25000,200000,14130.69,2018-02-11,2017-02-25,NORTH
10371,184,5000,800000,1629.1,2017-03-08,2016-04-10,NORTH
10372,185,25000,800000,20533.98,2010-12-15,2009-08-13,WEST
10372,185,25000,800000,20533.98,2010-12-15,2009-09-12,WEST
10372,185,25000,800000,20533.98,2010-12-15,2009-10-12,WEST
10372,185,25000,800000,20533.98,2010-12-15,2009-11-11,WEST
10372,185,25000,800000,20533.98,2010-12-15,2009-12-11,WEST
10373,186,10000,500000,2314.89,2017-12-15,2016-12-19,WEST
10374,186,7500,500000,6013.15,2012-10-27,2012-08-16,WEST
10374,186,7500,500000,6013.15,2012-10-27,2012-09-15,WEST
10375,187,5000,200000,1588.55,2011-09-10,2010-10-08,WEST
10375,187,5000,200000,1588.55,2011-09-10,2010-11-07,WEST
10375,187,5000,200000,1588.55,2011-09-10,2010-12-07,WEST
10376,187,25000,200000,10368.9,2009-06-23,2009-02-05,WEST
10376,187,25000,200000,10368.9,2009-06-23,2009-03-07,WEST
10376,187,25000,200000,10368.9,2009-06-23,2009-04-06,WEST
10377,188,10000,300000,6993.1,2006-07-10,2006-04-28,SOUTH
10377,188,10000,300000,6993.1,2006-07-10,2006-05-28,SOUTH
10378,188,10000,300000,8251.08,2014-06-28,2013-09-30,SOUTH
10378,188,10000,300000,8251.08,2014-06-28,2013-10-30,SOUTH
10378,188,10000,300000,8251.08,2014-06-28,2013-11-29,SOUTH
10378,188,10000,300000,8251.08,2014-06-28,2013-12-29,SOUTH
10378,188,10000,300000,8251.08,2014-06-28,2014-01-28,SOUTH
10379,189,7500,300000,4634.27,2008-12-06,2007-09-18,EAST
10379,189,7500,300000,4634.27,2008-12-06,2007-10-18,EAST
10379,189,7500,300000,4634.27,2008-12-06,2007-11-17,EAST
10379,189,7500,300000,4634.27,2008-12-06,2007-12-17,EAST
10379,189,7500,300000,4634.27,2008-12-06,2008-01-16,EAST
10380,189,25000,600000,21613.75,2016-10-05,2016-01-22,EAST
10380,189,25000,600000,21613.75,2016-10-05,2016-02-21,EAST
10380,189,25000,600000,21613.75,2016-10-05,2016-03-22,EAST
10380,189,25000,600000,21613.75,2016-10-05,2016-04-21,EAST
10380,189,25000,600000,21613.75,2016-10-05,2016-05-21,EAST
10381,190,15000,500000,8083.8,2012-05-24,2012-02-21,SOUTH
10381,190,15000,500000,8083.8,2012-05-24,2012-03-22,SOUTH
10381,190,15000,500000,8083.8,2012-05-24,2012-04-21,SOUTH
10381,190,15000,500000,8083.8,2012-05-24,2012-05-21,SOUTH
10381,190,15000,500000,8083.8,2012-05-24,2012-06-20,SOUTH
10382,190,5000,400000,4372.16,2020-02-24,2019-03-18,SOUTH
10382,190,5000,400000,4372.16,2020-02-24,2019-04-17,SOUTH
10383,191,20000,1000000,8264.58,2010-11-12,2010-07-11,NORTH
10383,191,20000,1000000,8264.58,2010-11-12,2010-08-10,NORTH
10383,191,20000,1000000,8264.58,2010-11-12,2010-09-09,NORTH
10383,191,20000,1000000,8264.58,2010-11-12,2010-10-09,NORTH
10384,191,25000,800000,8560.5,2015-11-14,2015-01-02,NORTH
10384,191,25000,800000,8560.5,2015-11-14,2015-02-01,NORTH
10384,191,25000,800000,8560.5,2015-11-14,2015-03-03,NORTH
10384,191,25000,800000,8560.5,2015-11-14,2015-04-02,NORTH
10384,191,25000,800000,8560.5,2015-11-14,2015-05-02,NORTH
10385,191,7500,1000000,4322.06,2013-11-18,2013-05-17,NORTH
10386,192,5000,1000000,4363.9,2015-12-12,2015-02-18,NORTH
10386,192,5000,1000000,4363.9,2015-12-12,2015-03-20,NORTH
10387,192,7500,200000,6400.91,2011-09-26,2011-06-28,NORTH
10388,193,25000,800000,22486.73,2019-02-08,2018-05-30,EAST
10388,193,25000,800000,22486.73,2019-02-08,2018-06-29,EAST
10388,193,25000,800000,22486.73,2019-02-08,2018-07-29,EAST
10389,193,10000,200000,7174.28,2018-07-07,2018-02-15,EAST
10389,193,10000,200000,7174.28,2018-07-07,2018-03-17,EAST
10389,193,10000,200000,7174.28,2018-07-07,2018-04-16,EAST
10389,193,10000,200000,7174.28,2018-07-07,2018-05-16,EAST
10389,193,10000,200000,7174.28,2018-07-07,2018-06-15,EAST
10390,194,12500,800000,9766.86,2012-01-29,2011-09-29,WEST
10390,194,12500,800000,9766.86,2012-01-29,2011-10-29,WEST
10390,194,12500,800000,9766.86,2012-01-29,2011-11-28,WEST
10390,194,12500,800000,9766.86,2012-01-29,2011-12-28,WEST
10391,194,7500,600000,6526.44,2012-02-21,2011-04-09,WEST
10391,194,7500,600000,6526.44,2012-02-21,2011-05-09,WEST
10391,194,7500,600000,6526.44,2012-02-21,2011-06-08,WEST
10391,194,7500,600000,6526.44,2012-02-21,2011-07-08,WEST
10391,194,7500,600000,6526.44,2012-02-21,2011-08-07,WEST
10392,194,20000,400000,13908.56,2021-07-08,2020-04-19,WEST
10392,194,20000,400000,13908.56,2021-07-08,2020-05-19,WEST
10392,194,20000,400000,13908.56,2021-07-08,2020-06-18,WEST
10393,195,10000,300000,8712.95,2020-08-30,2019-11-09,WEST
10394,195,7500,800000,4696.13,2005-07-11,2005-05-11,WEST
10394,195,7500,800000,4696.13,2005-07-11,2005-06-10,WEST
10394,195,7500,800000,4696.13,2005-07-11,2005-07-10,WEST
10394,195,7500,800000,4696.13,2005-07-11,2005-08-09,WEST
10395,196,12500,600000,8594.29,2021-07-04,2020-02-02,EAST
10395,196,12500,600000,8594.29,2021-07-04,2020-03-03,EAST
10396,197,25000,800000,6356.65,2018-02-23,2017-01-26,SOUTH
10396,197,25000,800000,6356.65,2018-02-23,2017-02-25,SOUTH
10397,197,20000,200000,17608.55,2020-09-20,2020-01-24,SOUTH
10398,198,7500,1000000,5762.32,2014-04-09,2013-01-11,NORTH
10398,198,7500,1000000,5762.32,2014-04-09,2013-02-10,NORTH
10398,198,7500,1000000,5762.32,2014-04-09,2013-03-12,NORTH
10399,198,10000,300000,2065.54,2008-08-02,2007-10-20,NORTH
10399,198,10000,300000,2065.54,2008-08-02,2007-11-19,NORTH
10399,198,10000,300000,2065.54,2008-08-02,2007-12-19,NORTH
10399,198,10000,300000,2065.54,2008-08-02,2008-01-18,NORTH
10400,199,20000,400000,5259.53,2011-09-28,2011-04-23,SOUTH
10400,199,20000,400000,5259.53,2011-09-28,2011-05-23,SOUTH
10400,199,20000,400000,5259.53,2011-09-28,2011-06-22,SOUTH
10401,199,25000,800000,9099.51,2019-07-01,2019-01-09,SOUTH
10401,199,25000,800000,9099.51,2019-07-01,2019-02-08,SOUTH
10401,199,25000,800000,9099.51,2019-07-01,2019-03-10,SOUTH
10402,199,10000,500000,6928.33,2014-07-29,2013-02-21,SOUTH
10402,199,10000,500000,6928.33,2014-07-29,2013-03-23,SOUTH
10402,199,10000,500000,6928.33,2014-07-29,2013-04-22,SOUTH
10402,199,10000,500000,6928.33,2014-07-29,2013-05-22,SOUTH
10402,199,10000,500000,6928.33,2014-07-29,2013-06-21,SOUTH
10403,200,25000,800000,6941.56,2005-11-17,2005-02-28,EAST
10403,200,25000,800000,6941.56,2005-11-17,2005-03-30,EAST
10404,200,12500,300000,4195.49,2018-09-14,2017-10-07,EAST
10404,200,12500,300000,4195.49,2018-09-14,2017-11-06,EAST
10404,200,12500,300000,4195.49,2018-09-14,2017-12-06,EAST
10404,200,12500,300000,4195.49,2018-09-14,2018-01-05,EAST
10405,200,15000,600000,3686.29,2020-06-26,2020-01-29,EAST
10405,200,15000,600000,3686.29,2020-06-26,2020-02-28,EAST
10405,200,15000,600000,3686.29,2020-06-26,2020-03-29,EAST
10405,200,15000,600000,3686.29,2020-06-26,2020-04-28,EAST
10405,200,15000,600000,3686.29,2020-06-26,2020-05-28,EAST
10406,201,15000,1000000,12250.53,2008-05-04,2007-11-10,NORTH
10406,201,15000,1000000,12250.53,2008-05-04,2007-12-10,NORTH
10406,201,15000,1000000,12250.53,2008-05-04,2008-01-09,NORTH
10406,201,15000,1000000,12250.53,2008-05-04,2008-02-08,NORTH
10406,201,15000,1000000,12250.53,2008-05-04,2008-03-09,NORTH
10407,202,5000,800000,2865.3,2010-06-02,2009-04-21,NORTH
10407,202,5000,800000,2865.3,2010-06-02,2009-05-21,NORTH
10407,202,5000,800000,2865.3,2010-06-02,2009-06-20,NORTH
10407,202,5000,800000,2865.3,2010-06-02,2009-07-20,NORTH
10407,202,5000,800000,2865.3,2010-06-02,2009-08-19,NORTH
10408,202,12500,200000,8108.46,2021-01-11,2020-04-08,NORTH
10408,202,12500,200000,8108.46,2021-01-11,2020-05-08,NORTH
10408,202,12500,200000,8108.46,2021-01-11,2020-06-07,NORTH
10409,202,25000,500000,7130.06,2012-10-17,2012-03-31,NORTH
10410,203,15000,1000000,12279.93,2016-05-04,2016-02-12,NORTH
10410,203,15000,1000000,12279.93,2016-05-04,2016-03-13,NORTH
10410,203,15000,1000000,12279.93,2016-05-04,2016-04-12,NORTH
10410,203,15000,1000000,12279.93,2016-05-04,2016-05-12,NORTH
10411,203,12500,600000,5267.12,2006-11-05,2006-01-20,NORTH
10411,203,12500,600000,5267.12,2006-11-05,2006-02-19,NORTH
10411,203,12500,600000,5267.12,2006-11-05,2006-03-21,NORTH
10411,203,12500,600000,5267.12,2006-11-05,2006-04-20,NORTH
10412,203,5000,600000,1088.8,2010-08-30,2009-05-14,NORTH
10412,203,5000,600000,1088.8,2010-08-30,2009-06-13,NORTH
10412,203,5000,600000,1088.8,2010-08-30,2009-07-13,NORTH
10412,203,5000,600000,1088.8,2010-08-30,2009-08-12,NORTH
10412,203,5000,600000,1088.8,2010-08-30,2009-09-11,NORTH
10413,204,5000,300000,1575.69,2020-11-26,2020-06-19,EAST
10413,204,5000,300000,1575.69,2020-11-26,2020-07-19,EAST
10414,204,20000,200000,10719.53,2006-08-12,2006-05-30,EAST
10414,204,20000,200000,10719.53,2006-08-12,2006-06-29,EAST
10415,204,10000,1000000,3730.07,2018-10-22,2018-04-17,EAST
10415,204,10000,1000000,3730.07,2018-10-22,2018-05-17,EAST
10415,204,10000,1000000,3730.07,2018-10-22,2018-06-16,EAST
10416,205,25000,400000,18896.94,2013-07-15,2012-08-23,SOUTH
10417,205,12500,1000000,7971.8,2018-10-02,2018-06-16,SOUTH
10417,205,12500,1000000,7971.8,2018-10-02,2018-07-16,SOUTH
10417,205,12500,1000000,7971.8,2018-10-02,2018-08-15,SOUTH
10418,206,5000,500000,4115.29,2007-07-10,2006-12-02,SOUTH
10418,206,5000,500000,4115.29,2007-07-10,2007-01-01,SOUTH
10418,206,5000,500000,4115.29,2007-07-10,2007-01-31,SOUTH
10419,206,25000,500000,10275.74,2008-02-07,2007-11-11,SOUTH
10419,206,25000,500000,10275.74,2008-02-07,2007-12-11,SOUTH
10419,206,25000,500000,10275.74,2008-02-07,2008-01-10,SOUTH
10419,206,25000,500000,10275.74,2008-02-07,2008-02-09,SOUTH
10420,206,20000,200000,4730.84,2007-06-04,2006-06-23,SOUTH
10420,206,20000,200000,4730.84,2007-06-04,2006-07-23,SOUTH
10421,207,25000,500000,20130.2,2007-08-23,2007-02-25,SOUTH
10421,207,25000,500000,20130.2,2007-08-23,2007-03-27,SOUTH
10421,207,25000,500000,20130.2,2007-08-23,2007-04-26,SOUTH
10421,207,25000,500000,20130.2,2007-08-23,2007-05-26,SOUTH
10421,207,25000,500000,20130.2,2007-08-23,2007-06-25,SOUTH
10422,207,12500,500000,6245.93,2006-07-08,2005-03-28,SOUTH
10422,207,12500,500000,6245.93,2006-07-08,2005-04-27,SOUTH
10422,207,12500,500000,6245.93,2006-07-08,2005-05-27,SOUTH
10423,208,20000,800000,4363.61,2008-07-13,2007-04-10,WEST
10423,208,20000,800000,4363.61,2008-07-13,2007-05-10,WEST
10423,208,20000,800000,4363.61,2008-07-13,2007-06-09,WEST
10423,208,20000,800000,4363.61,2008-07-13,2007-07-09,WEST
10424,208,7500,200000,1564.52,2012-09-01,2012-05-12,WEST
10424,208,7500,200000,1564.52,2012-09-01,2012-06-11,WEST
10425,208,15000,300000,8343.43,2019-05-10,2018-04-19,WEST
10425,208,15000,300000,8343.43,2019-05-10,2018-05-19,WEST
10425,208,15000,300000,8343.43,2019-05-10,2018-06-18,WEST
10425,208,15000,300000,8343.43,2019-05-10,2018-07-18,WEST
10426,209,15000,500000,5553.1,2016-03-22,2015-10-19,WEST
10426,209,15000,500000,5553.1,2016-03-22,2015-11-18,WEST
10426,209,15000,500000,5553.1,2016-03-22,2015-12-18,WEST
10426,209,15000,500000,5553.1,2016-03-22,2016-01-17,WEST
10426,209,15000,500000,5553.1,2016-03-22,2016-02-16,WEST
10427,209,10000,600000,5591.88,2007-02-18,2006-05-11,WEST
10428,210,15000,1000000,4547.8,2012-05-07,2011-12-25,NORTH
10429,210,10000,400000,5623.76,2018-09-16,2018-07-14,NORTH
10430,210,15000,1000000,8874.22,2007-08-15,2006-04-15,NORTH
10430,210,15000,1000000,8874.22,2007-08-15,2006-05-15,NORTH
10430,210,15000,1000000,8874.22,2007-08-15,2006-06-14,NORTH
10430,210,15000,1000000,8874.22,2007-08-15,2006-07-14,NORTH
10430,210,15000,1000000,8874.22,2007-08-15,2006-08-13,NORTH
10431,211,7500,800000,2556.62,2014-02-24,2012-09-17,WEST
10431,211,7500,800000,2556.62,2014-02-24,2012-10-17,WEST
10432,212,12500,800000,11091.83,2010-05-20,2009-04-01,EAST
10432,212,12500,800000,11091.83,2010-05-20,2009-05-01,EAST
10433,213,10000,600000,4930.87,2018-07-23,2017-12-22,WEST
10433,213,10000,600000,4930.87,2018-07-23,2018-01-21,WEST
10433,213,10000,600000,4930.87,2018-07-23,2018-02-20,WEST
10433,213,10000,600000,4930.87,2018-07-23,2018-03-22,WEST
10434,213,25000,200000,8839.6,2008-03-17,2007-05-09,WEST
10435,213,20000,300000,12734.88,2020-02-22,2019-04-30,WEST
10435,213,20000,300000,12734.88,2020-02-22,2019-05-30,WEST
10436,214,12500,300000,4112.14,2013-02-27,2012-06-08,WEST
10436,214,12500,300000,4112.14,2013-02-27,2012-07-08,WEST
10436,214,12500,300000,4112.14,2013-02-27,2012-08-07,WEST
10436,214,12500,300000,4112.14,2013-02-27,2012-09-06,WEST
10437,215,10000,200000,2806.33,2006-03-02,2005-03-23,WEST
10437,215,10000,200000,2806.33,2006-03-02,2005-04-22,WEST
10437,215,10000,200000,2806.33,2006-03-02,2005-05-22,WEST
10437,215,10000,200000,2806.33,2006-03-02,2005-06-21,WEST
10438,216,15000,1000000,3461.0,2010-01-11,2009-05-12,NORTH
10438,216,15000,1000000,3461.0,2010-01-11,2009-06-11,NORTH
10438,216,15000,1000000,3461.0,2010-01-11,2009-07-11,NORTH
10438,216,15000,1000000,3461.0,2010-01-11,2009-08-10,NORTH
10438,216,15000,1000000,3461.0,2010-01-11,2009-09-09,NORTH
10439,216,10000,300000,8197.68,2009-12-09,2009-06-20,NORTH
10440,217,7500,300000,1612.83,2013-01-22,2012-08-15,WEST
10441,217,25000,800000,11631.15,2007-08-17,2007-04-09,WEST
10441,217,25000,800000,11631.15,2007-08-17,2007-05-09,WEST
10441,217,25000,800000,11631.15,2007-08-17,2007-06-08,WEST
10441,217,25000,800000,11631.15,2007-08-17,2007-07-08,WEST
10441,217,25000,800000,11631.15,2007-08-17,2007-08-07,WEST
10442,217,10000,500000,4587.48,2013-02-02,2012-08-04,WEST
10442,217,10000,500000,4587.48,2013-02-02,2012-09-03,WEST
10442,217,10000,500000,4587.48,2013-02-02,2012-10-03,WEST
10442,217,10000,500000,4587.48,2013-02-02,2012-11-02,WEST
10443,218,12500,800000,3536.82,2017-01-27,2016-10-26,EAST
10443,218,12500,800000,3536.82,2017-01-27,2016-11-25,EAST
10444,218,15000,500000,6929.68,2010-05-23,2009-04-03,EAST
10444,218,15000,500000,6929.68,2010-05-23,2009-05-03,EAST
10445,219,5000,1000000,3055.64,2020-04-18,2019-04-09,SOUTH
10445,219,5000,1000000,3055.64,2020-04-18,2019-05-09,SOUTH
10446,219,10000,300000,6406.21,2011-11-02,2011-08-07,SOUTH
10446,219,10000,300000,6406.21,2011-11-02,2011-09-06,SOUTH
10447,219,15000,500000,10636.63,2008-04-17,2007-11-02,SOUTH
10447,219,15000,500000,10636.63,2008-04-17,2007-12-02,SOUTH
10447,219,15000,500000,10636.63,2008-04-17,2008-01-01,SOUTH
10448,220,15000,500000,12265.43,2007-09-03,2006-06-16,SOUTH
10449,220,15000,500000,6379.14,2013-10-22,2013-05-24,SOUTH
10450,221,20000,500000,7756.7,2021-05-28,2020-07-30,SOUTH
10450,221,20000,500000,7756.7,2021-05-28,2020-08-29,SOUTH
10450,221,20000,500000,7756.7,2021-05-28,2020-09-28,SOUTH
10451,221,20000,200000,7073.37,2019-10-08,2019-04-25,SOUTH
10452,222,7500,400000,6165.72,2011-01-07,2010-04-05,SOUTH
10452,222,7500,400000,6165.72,2011-01-07,2010-05-05,SOUTH
10452,222,7500,400000,6165.72,2011-01-07,2010-06-04,SOUTH
10452,222,7500,400000,6165.72,2011-01-07,2010-07-04,SOUTH
10452,222,7500,400000,6165.72,2011-01-07,2010-08-03,SOUTH
10453,223,15000,200000,10892.04,2013-09-28,2013-05-23,EAST
10453,223,15000,200000,10892.04,2013-09-28,2013-06-22,EAST
10453,223,15000,200000,10892.04,2013-09-28,2013-07-22,EAST
10453,223,15000,200000,10892.04,2013-09-28,2013-08-21,EAST
10454,223,10000,300000,2288.0,2015-12-14,2014-12-21,EAST
10455,223,12500,500000,6284.42,2019-10-02,2018-12-07,EAST
10455,223,12500,500000,6284.42,2019-10-02,2019-01-06,EAST
10455,223,12500,500000,6284.42,2019-10-02,2019-02-05,EAST
10456,224,12500,200000,6364.77,2012-07-11,2012-02-11,SOUTH
10456,224,12500,200000,6364.77,2012-07-11,2012-03-12,SOUTH
10456,224,12500,200000,6364.77,2012-07-11,2012-04-11,SOUTH
10456,224,12500,200000,6364.77,2012-07-11,2012-05-11,SOUTH
10456,224,12500,200000,6364.77,2012-07-11,2012-06-10,SOUTH
10457,224,10000,200000,7898.22,2020-01-19,2019-06-23,SOUTH
10457,224,10000,200000,7898.22,2020-01-19,2019-07-23,SOUTH
10457,224,10000,200000,7898.22,2020-01-19,2019-08-22,SOUTH
10457,224,10000,200000,7898.22,2020-01-19,2019-09-21,SOUTH
10458,225,25000,400000,6722.16,2019-12-02,2019-06-09,SOUTH
10458,225,25000,400000,6722.16,2019-12-02,2019-07-09,SOUTH
10459,225,15000,300000,5064.79,2013-09-17,2013-01-30,SOUTH
10460,225,20000,1000000,13569.55,2011-11-07,2010-08-11,SOUTH
10460,225,20000,1000000,13569.55,2011-11-07,2010-09-10,SOUTH
10460,225,20000,1000000,13569.55,2011-11-07,2010-10-10,SOUTH
10461,226,7500,1000000,5259.97,2022-01-17,2020-10-29,WEST
10461,226,7500,1000000,5259.97,2022-01-17,2020-11-28,WEST
10462,226,25000,400000,19390.4,2011-06-02,2010-11-10,WEST
10462,226,25000,400000,19390.4,2011-06-02,2010-12-10,WEST
10462,226,25000,400000,19390.4,2011-06-02,2011-01-09,WEST
10462,226,25000,400000,19390.4,2011-06-02,2011-02-08,WEST
10462,226,25000,400000,19390.4,2011-06-02,2011-03-10,WEST
10463,227,5000,500000,2794.26,2019-02-01,2018-01-03,NORTH
10464,227,7500,800000,2601.84,2015-02-17,2013-12-01,NORTH
10465,228,25000,500000,19251.96,2019-05-05,2018-03-02,SOUTH
10465,228,25000,500000,19251.96,2019-05-05,2018-04-01,SOUTH
10465,228,25000,500000,19251.96,2019-05-05,2018-05-01,SOUTH
10466,229,12500,1000000,6154.77,2013-03-01,2012-01-09,EAST
10466,229,12500,1000000,6154.77,2013-03-01,2012-02-08,EAST
10466,229,12500,1000000,6154.77,2013-03-01,2012-03-09,EAST
10466,229,12500,1000000,6154.77,2013-03-01,2012-04-08,EAST
10466,229,12500,1000000,6154.77,2013-03-01,2012-05-08,EAST
10467,229,5000,400000,3021.28,2015-06-15,2015-02-04,EAST
10467,229,5000,400000,3021.28,2015-06-15,2015-03-06,EAST
10467,229,5000,400000,3021.28,2015-06-15,2015-04-05,EAST
10467,229,5000,400000,3021.28,2015-06-15,2015-05-05,EAST
10467,229,5000,400000,3021.28,2015-06-15,2015-06-04,EAST
10468,230,25000,800000,11206.59,2006-07-21,2005-03-21,SOUTH
10468,230,25000,800000,11206.59,2006-07-21,2005-04-20,SOUTH
10469,231,25000,500000,18626.26,2015-10-13,2014-07-20,EAST
10470,232,5000,600000,1112.73,2013-07-31,2012-04-25,NORTH
10470,232,5000,600000,1112.73,2013-07-31,2012-05-25,NORTH
10470,232,5000,600000,1112.73,2013-07-31,2012-06-24,NORTH
10470,232,5000,600000,1112.73,2013-07-31,2012-07-24,NORTH
10471,232,15000,800000,9331.53,2009-09-25,2008-06-13,NORTH
10471,232,15000,800000,9331.53,2009-09-25,2008-07-13,NORTH
10471,232,15000,800000,9331.53,2009-09-25,2008-08-12,NORTH
10472,232,12500,300000,3057.46,2018-08-02,2017-11-15,NORTH
10472,232,12500,300000,3057.46,2018-08-02,2017-12-15,NORTH
10472,232,12500,300000,3057.46,2018-08-02,2018-01-14,NORTH
10472,232,12500,300000,3057.46,2018-08-02,2018-02-13,NORTH
10472,232,12500,300000,3057.46,2018-08-02,2018-03-15,NORTH
10473,233,10000,600000,6473.02,2016-06-12,2015-08-26,SOUTH
10473,233,10000,600000,6473.02,2016-06-12,2015-09-25,SOUTH
10474,233,5000,800000,1621.73,2008-01-12,2007-02-03,SOUTH
10475,234,7500,300000,6284.56,2016-03-21,2015-12-17,SOUTH
10475,234,7500,300000,6284.56,2016-03-21,2016-01-16,SOUTH
10475,234,7500,300000,6284.56,2016-03-21,2016-02-15,SOUTH
10475,234,7500,300000,6284.56,2016-03-21,2016-03-16,SOUTH
10476,234,7500,400000,4253.08,2012-06-15,2011-05-15,SOUTH
10476,234,7500,400000,4253.08,2012-06-15,2011-06-14,SOUTH
10477,234,15000,200000,6431.11,2006-09-10,2006-04-16,SOUTH
10477,234,15000,200000,6431.11,2006-09-10,2006-05-16,SOUTH
10477,234,15000,200000,6431.11,2006-09-10,2006-06-15,SOUTH
10477,234,15000,200000,6431.11,2006-09-10,2006-07-15,SOUTH
10478,235,7500,600000,4010.82,2009-04-10,2008-07-10,SOUTH
10478,235,7500,600000,4010.82,2009-04-10,2008-08-09,SOUTH
10478,235,7500,600000,4010.82,2009-04-10,2008-09-08,SOUTH
10479,235,7500,1000000,3126.23,2014-03-06,2013-09-22,SOUTH
10480,236,15000,400000,5131.21,2009-07-19,2008-07-24,WEST
10481,236,5000,300000,1223.9,2011-12-20,2011-03-07,WEST
10481,236,5000,300000,1223.9,2011-12-20,2011-04-06,WEST
10481,236,5000,300000,1223.9,2011-12-20,2011-05-06,WEST
10481,236,5000,300000,1223.9,2011-12-20,2011-06-05,WEST
10481,236,5000,300000,1223.9,2011-12-20,2011-07-05,WEST
10482,236,15000,400000,8976.91,2020-01-03,2018-07-26,WEST
10482,236,15000,400000,8976.91,2020-01-03,2018-08-25,WEST
10482,236,15000,400000,8976.91,2020-01-03,2018-09-24,WEST
10482,236,15000,400000,8976.91,2020-01-03,2018-10-24,WEST
10482,236,15000,400000,8976.91,2020-01-03,2018-11-23,WEST
10483,237,5000,800000,2007.69,2015-09-02,2015-05-19,SOUTH
10483,237,5000,800000,2007.69,2015-09-02,2015-06-18,SOUTH
10484,237,25000,800000,10205.35,2014-01-19,2012-10-11,SOUTH
10484,237,25000,800000,10205.35,2014-01-19,2012-11-10,SOUTH
10484,237,25000,800000,10205.35,2014-01-19,2012-12-10,SOUTH
10484,237,25000,800000,10205.35,2014-01-19,2013-01-09,SOUTH
10484,237,25000,800000,10205.35,2014-01-19,2013-02-08,SOUTH
10485,238,7500,600000,3768.4,2015-07-03,2014-04-24,NORTH
10485,238,7500,600000,3768.4,2015-07-03,2014-05-24,NORTH
10485,238,7500,600000,3768.4,2015-07-03,2014-06-23,NORTH
10486,238,20000,600000,9509.72,2020-01-30,2019-10-14,NORTH
10487,238,10000,800000,4043.23,2011-04-18,2010-05-18,NORTH
10487,238,10000,800000,4043.23,2011-04-18,2010-06-17,NORTH
10487,238,10000,800000,4043.23,2011-04-18,2010-07-17,NORTH
10487,238,10000,800000,4043.23,2011-04-18,2010-08-16,NORTH
10488,239,25000,600000,22418.04,2016-05-27,2016-01-26,NORTH
10488,239,25000,600000,22418.04,2016-05-27,2016-02-25,NORTH
10488,239,25000,600000,22418.04,2016-05-27,2016-03-26,NORTH
10489,240,12500,500000,4711.71,2016-09-16,2016-04-25,WEST
10489,240,12500,500000,4711.71,2016-09-16,2016-05-25,WEST
10489,240,12500,500000,4711.71,2016-09-16,2016-06-24,WEST
10490,241,5000,800000,3364.68,2016-07-03,2015-05-15,NORTH
10490,241,5000,800000,3364.68,2016-07-03,2015-06-14,NORTH
10490,241,5000,800000,3364.68,2016-07-03,2015-07-14,NORTH
10490,241,5000,800000,3364.68,2016-07-03,2015-08-13,NORTH
10491,241,20000,500000,6721.65,2014-11-30,2013-07-20,NORTH
10491,241,20000,500000,6721.65,2014-11-30,2013-08-19,NORTH
10491,241,20000,500000,6721.65,2014-11-30,2013-09-18,NORTH
10491,241,20000,500000,6721.65,2014-11-30,2013-10-18,NORTH
10491,241,20000,500000,6721.65,2014-11-30,2013-11-17,NORTH
10492,241,5000,800000,1477.68,2006-09-09,2005-03-29,NORTH
10492,241,5000,800000,1477.68,2006-09-09,2005-04-28,NORTH
10493,242,5000,200000,3299.58,2016-10-21,2015-11-16,EAST
10494,242,25000,400000,7823.91,2009-06-27,2008-02-23,EAST
10495,242,7500,400000,4306.93,2018-12-14,2018-08-13,EAST
10495,242,7500,400000,4306.93,2018-12-14,2018-09-12,EAST
10495,242,7500,400000,4306.93,2018-12-14,2018-10-12,EAST
10495,242,7500,400000,4306.93,2018-12-14,2018-11-11,EAST
10495,242,7500,400000,4306.93,2018-12-14,2018-12-11,EAST
10496,243,25000,200000,9781.91,2007-11-08,2006-09-28,WEST
10497,243,7500,800000,6186.61,2013-03-30,2013-01-12,WEST
10497,243,7500,800000,6186.61,2013-03-30,2013-02-11,WEST
10497,243,7500,800000,6186.61,2013-03-30,2013-03-13,WEST
10498,244,5000,1000000,3840.29,2015-12-21,2014-12-01,WEST
10498,244,5000,1000000,3840.29,2015-12-21,2014-12-31,WEST
10499,244,10000,500000,6187.44,2013-12-30,2013-10-05,WEST
10499,244,10000,500000,6187.44,2013-12-30,2013-11-04,WEST
10500,244,7500,400000,2752.34,2014-11-26,2013-06-19,WEST
10500,244,7500,400000,2752.34,2014-11-26,2013-07-19,WEST
10501,245,5000,400000,1672.53,2015-10-10,2014-06-17,SOUTH
10501,245,5000,400000,1672.53,2015-10-10,2014-07-17,SOUTH
10502,246,25000,1000000,16621.9,2011-04-11,2009-12-12,SOUTH
10503,246,15000,200000,6434.99,2007-04-18,2005-12-27,SOUTH
10503,246,15000,200000,6434.99,2007-04-18,2006-01-26,SOUTH
10504,246,15000,300000,7148.17,2019-12-25,2019-01-22,SOUTH
10504,246,15000,300000,7148.17,2019-12-25,2019-02-21,SOUTH
10505,247,5000,400000,1607.68,2010-10-30,2010-03-19,EAST
10505,247,5000,400000,1607.68,2010-10-30,2010-04-18,EAST
10506,247,5000,500000,2605.72,2020-02-17,2019-09-02,EAST
10506,247,5000,500000,2605.72,2020-02-17,2019-10-02,EAST
10507,248,10000,200000,8198.22,2019-11-02,2019-07-31,EAST
10507,248,10000,200000,8198.22,2019-11-02,2019-08-30,EAST
10508,249,5000,800000,3769.41,2019-05-07,2018-06-07,WEST
10508,249,5000,800000,3769.41,2019-05-07,2018-07-07,WEST
10508,249,5000,800000,3769.41,2019-05-07,2018-08-06,WEST
10509,249,5000,600000,4434.96,2009-06-19,2008-11-05,WEST
10509,249,5000,600000,4434.96,2009-06-19,2008-12-05,WEST
10509,249,5000,600000,4434.96,2009-06-19,2009-01-04,WEST
10509,249,5000,600000,4434.96,2009-06-19,2009-02-03,WEST
10510,250,7500,400000,4835.61,2020-08-12,2020-03-16,SOUTH
10511,250,5000,400000,3129.87,2020-02-19,2019-12-12,SOUTH
10511,250,5000,400000,3129.87,2020-02-19,2020-01-11,SOUTH
10511,250,5000,400000,3129.87,2020-02-19,2020-02-10,SOUTH
10511,250,5000,400000,3129.87,2020-02-19,2020-03-11,SOUTH
10512,250,15000,800000,5440.47,2016-04-09,2015-01-26,SOUTH
10512,250,15000,800000,5440.47,2016-04-09,2015-02-25,SOUTH
10513,251,15000,1000000,4302.59,2011-08-22,2010-03-21,WEST
10513,251,15000,1000000,4302.59,2011-08-22,2010-04-20,WEST
10513,251,15000,1000000,4302.59,2011-08-22,2010-05-20,WEST
10513,251,15000,1000000,4302.59,2011-08-22,2010-06-19,WEST
10513,251,15000,1000000,4302.59,2011-08-22,2010-07-19,WEST
10514,251,15000,200000,4444.33,2014-11-10,2014-08-12,WEST
10514,251,15000,200000,4444.33,2014-11-10,2014-09-11,WEST
10515,251,7500,500000,4870.7,2012-02-07,2011-08-27,WEST
10516,252,10000,300000,4222.77,2015-07-05,2014-12-15,EAST
10517,253,25000,400000,5414.63,2015-07-10,2014-04-22,WEST
10517,253,25000,400000,5414.63,2015-07-10,2014-05-22,WEST
10518,254,7500,600000,6259.82,2012-12-04,2012-09-08,WEST
10518,254,7500,600000,6259.82,2012-12-04,2012-10-08,WEST
10518,254,7500,600000,6259.82,2012-12-04,2012-11-07,WEST
10519,254,20000,300000,16217.88,2021-06-07,2020-06-01,WEST
10519,254,20000,300000,16217.88,2021-06-07,2020-07-01,WEST
10519,254,20000,300000,16217.88,2021-06-07,2020-07-31,WEST
10520,254,12500,800000,3065.4,2012-05-21,2012-03-19,WEST
10520,254,12500,800000,3065.4,2012-05-21,2012-04-18,WEST
10520,254,12500,800000,3065.4,2012-05-21,2012-05-18,WEST
10520,254,12500,800000,3065.4,2012-05-21,2012-06-17,WEST
10521,255,20000,300000,5757.85,2009-10-07,2009-04-26,EAST
10521,255,20000,300000,5757.85,2009-10-07,2009-05-26,EAST
10522,255,25000,1000000,9135.43,2018-09-28,2018-04-17,EAST
10523,256,7500,800000,2785.86,2015-12-02,2015-06-24,SOUTH
10523,256,7500,800000,2785.86,2015-12-02,2015-07-24,SOUTH
10524,257,10000,600000,8774.08,2011-05-18,2010-08-02,WEST
10524,257,10000,600000,8774.08,2011-05-18,2010-09-01,WEST
10524,257,10000,600000,8774.08,2011-05-18,2010-10-01,WEST
10524,257,10000,600000,8774.08,2011-05-18,2010-10-31,WEST
10525,258,10000,500000,3174.36,2016-06-26,2015-10-17,EAST
10525,258,10000,500000,3174.36,2016-06-26,2015-11-16,EAST
10525,258,10000,500000,3174.36,2016-06-26,2015-12-16,EAST
10525,258,10000,500000,3174.36,2016-06-26,2016-01-15,EAST
10526,259,20000,500000,6182.3,2017-07-25,2016-05-02,SOUTH
10527,259,12500,1000000,9140.01,2005-09-22,2005-06-12,SOUTH
